tick,mnist,conv1,pool1,conv2,pool2,ip1,relu1,ip2,loss
0,0,3369.66,0,38432.1,0,485830,0,7652.77,0
20,0,1727.95,0,19529.6,0,246897,0,3881.04,0
40,0,817.473,0,9278.77,0,117322,0,1848.01,0
60,0,412.114,0,4685.13,0,59166.7,0,937.977,0
80,0,222.507,0,2531.44,0,31936.6,0,512.293,0
100,0,129.004,0,1472.4,0,18523,0,306.066,0
120,0,75.5713,0,866.04,0,10833.3,0,188.857,0
140,0,44.9471,0,520.926,0,6451.14,0,122.327,0
160,0,27.2135,0,321.852,0,3913.21,0,84.1027,0
180,0,16.3007,0,199.609,0,2356.73,0,60.3241,0
200,0,9.72003,0,125.449,0,1414.53,0,44.5411,0
220,0,6.33077,0,89.0237,0,937.224,0,37.28,0
240,0,3.99974,0,62.1443,0,603.561,0,31.1651,0
260,0,2.53112,0,44.5871,0,392.879,0,26.5168,0
280,0,1.69134,0,33.5784,0,270.75,0,23.109,0
300,0,1.17612,0,26.9558,0,196.999,0,21.4412,0
320,0,0.801131,0,20.0295,0,138.367,0,18.1848,0
340,0,0.612074,0,16.662,0,109.775,0,17.4062,0
360,0,0.490492,0,14.1316,0,90.1403,0,16.4733,0
380,0,0.378022,0,11.2764,0,71.498,0,15.1135,0
400,0,0.320676,0,9.697,0,61.1684,0,14.6735,0
420,0,0.278581,0,8.53889,0,53.9342,0,14.274,0
440,0,0.242207,0,7.2971,0,46.5336,0,13.6277,0
460,0,0.211426,0,6.33599,0,40.5825,0,13.0982,0
480,0,0.200607,0,5.9049,0,37.9661,0,13.0428,0
500,0,0.179784,0,5.27078,0,33.7271,0,12.2691,0
520,0,0.164334,0,4.76712,0,30.4974,0,11.6912,0
540,0,0.158688,0,4.52889,0,28.9087,0,11.4381,0
560,0,0.143177,0,4.06902,0,25.7937,0,10.7313,0
580,0,0.1407,0,3.94733,0,24.6431,0,10.4964,0
600,0,0.141112,0,3.99689,0,24.6825,0,10.6562,0
620,0,0.139683,0,3.94865,0,24.0636,0,10.5386,0
640,0,0.14274,0,3.9824,0,24.07,0,10.5969,0
660,0,0.14286,0,4.01512,0,23.6037,0,10.333,0
680,0,0.139974,0,3.8371,0,22.3133,0,9.84392,0
700,0,0.137995,0,3.83777,0,22.2441,0,9.76551,0
720,0,0.138194,0,3.84079,0,21.821,0,9.38859,0
740,0,0.13188,0,3.63331,0,20.6436,0,8.86179,0
760,0,0.138034,0,3.78622,0,21.1211,0,9.12977,0
780,0,0.134059,0,3.69506,0,20.4523,0,8.83465,0
800,0,0.132656,0,3.68766,0,20.3229,0,8.77642,0
820,0,0.138429,0,3.84439,0,20.8099,0,8.7839,0
840,0,0.139102,0,3.86269,0,20.6232,0,8.58071,0
860,0,0.137165,0,3.83579,0,20.617,0,8.57445,0
880,0,0.137917,0,3.84861,0,20.4477,0,8.57159,0
900,0,0.132271,0,3.66442,0,19.4461,0,8.06943,0
920,0,0.138404,0,3.79272,0,19.8075,0,8.02083,0
940,0,0.135815,0,3.71064,0,19.6285,0,7.89772,0
960,0,0.141361,0,3.89476,0,20.3106,0,7.9522,0
980,0,0.132658,0,3.70317,0,19.3609,0,7.67344,0
1000,0,0.136191,0,3.77694,0,19.5452,0,7.66812,0
1020,0,0.133968,0,3.73399,0,19.2168,0,7.32117,0
1040,0,0.127714,0,3.54041,0,18.2451,0,6.97667,0
1060,0,0.128349,0,3.50707,0,18.1811,0,6.95786,0
1080,0,0.122684,0,3.42634,0,17.4945,0,6.5369,0
1100,0,0.128273,0,3.51395,0,17.7518,0,6.55948,0
1120,0,0.125034,0,3.50822,0,17.8348,0,6.66249,0
1140,0,0.135696,0,3.72683,0,18.7586,0,6.83356,0
1160,0,0.136075,0,3.72274,0,18.8047,0,6.80547,0
1180,0,0.141617,0,3.87528,0,19.6009,0,7.03146,0
1200,0,0.136676,0,3.77616,0,18.8709,0,6.79774,0
1220,0,0.129019,0,3.5513,0,18.0399,0,6.43843,0
1240,0,0.13444,0,3.65136,0,18.5487,0,6.53475,0
1260,0,0.137408,0,3.72419,0,18.7647,0,6.46376,0
1280,0,0.141447,0,3.68645,0,18.4519,0,6.19288,0
1300,0,0.137539,0,3.59804,0,17.911,0,6.011,0
1320,0,0.140724,0,3.68463,0,18.2917,0,5.98969,0
1340,0,0.130326,0,3.56836,0,17.915,0,5.95731,0
1360,0,0.152002,0,3.99746,0,19.8361,0,6.5167,0
1380,0,0.145718,0,3.91172,0,19.4459,0,6.35314,0
1400,0,0.139283,0,3.83499,0,19.3126,0,6.32141,0
1420,0,0.140571,0,3.78612,0,18.9833,0,6.10516,0
1440,0,0.142869,0,3.84209,0,19.2081,0,6.23732,0
1460,0,0.140921,0,3.72595,0,18.7046,0,6.05301,0
1480,0,0.13281,0,3.73139,0,18.7495,0,5.94814,0
1500,0,0.138303,0,3.70161,0,18.3945,0,5.83817,0
1520,0,0.138706,0,3.70934,0,18.4592,0,5.86129,0
1540,0,0.148694,0,3.80684,0,18.9109,0,5.93548,0
1560,0,0.145184,0,3.77965,0,18.9438,0,5.97056,0
1580,0,0.143361,0,3.91527,0,19.5181,0,6.01379,0
1600,0,0.144613,0,3.85643,0,19.297,0,5.97985,0
1620,0,0.158002,0,4.00782,0,19.9289,0,6.09339,0
1640,0,0.142127,0,3.77881,0,18.9952,0,5.81856,0
1660,0,0.140769,0,3.63715,0,18.2459,0,5.50803,0
1680,0,0.13091,0,3.59594,0,18.1469,0,5.52863,0
1700,0,0.138896,0,3.68389,0,18.4788,0,5.52812,0
1720,0,0.146946,0,3.8046,0,19.0294,0,5.5758,0
1740,0,0.141831,0,3.79306,0,19.0772,0,5.59395,0
1760,0,0.142123,0,3.78976,0,19.1156,0,5.70412,0
1780,0,0.141178,0,3.82323,0,19.3775,0,5.70064,0
1800,0,0.150045,0,3.87415,0,19.4836,0,5.65819,0
1820,0,0.150094,0,3.89794,0,19.5805,0,5.6942,0
1840,0,0.155825,0,3.94049,0,19.6849,0,5.52029,0
1860,0,0.146971,0,3.90208,0,19.5302,0,5.48526,0
1880,0,0.155834,0,3.95654,0,19.8783,0,5.45255,0
1900,0,0.154258,0,3.89802,0,19.6636,0,5.27197,0
1920,0,0.15058,0,3.77449,0,19.027,0,5.01919,0
1940,0,0.150621,0,3.80059,0,19.2811,0,5.1571,0
1960,0,0.153799,0,3.88299,0,19.7456,0,5.20267,0
1980,0,0.143357,0,3.76243,0,19.294,0,5.07017,0
2000,0,0.14895,0,3.86248,0,19.844,0,5.27629,0
2020,0,0.163368,0,4.083,0,20.8643,0,5.5952,0
2040,0,0.168823,0,4.134,0,21.0985,0,5.58421,0
2060,0,0.161087,0,4.01307,0,20.5077,0,5.45079,0
2080,0,0.173068,0,4.22844,0,21.5214,0,5.72299,0
2100,0,0.16894,0,4.19569,0,21.4862,0,5.66954,0
2120,0,0.181793,0,4.3974,0,22.4062,0,5.82501,0
2140,0,0.178432,0,4.22091,0,21.4219,0,5.49434,0
2160,0,0.163493,0,4.02157,0,20.7362,0,5.42741,0
2180,0,0.169067,0,4.16394,0,21.3933,0,5.37403,0
2200,0,0.154346,0,3.9001,0,20.3037,0,5.08938,0
2220,0,0.180525,0,4.06409,0,20.8884,0,5.09514,0
2240,0,0.183333,0,4.15493,0,21.4121,0,5.13203,0
2260,0,0.182221,0,4.31066,0,22.3006,0,5.37129,0
2280,0,0.182648,0,4.30108,0,22.3607,0,5.2442,0
2300,0,0.18167,0,4.29301,0,22.4147,0,5.23985,0
2320,0,0.181473,0,4.21278,0,22.1427,0,5.13002,0
2340,0,0.183572,0,4.17937,0,21.9456,0,4.99273,0
2360,0,0.202681,0,4.4555,0,23.0504,0,5.21266,0
2380,0,0.192543,0,4.24424,0,22.1957,0,5.04,0
2400,0,0.184024,0,4.15388,0,22.0207,0,5.1569,0
2420,0,0.201248,0,4.28272,0,22.5313,0,5.31861,0
2440,0,0.195043,0,4.13305,0,21.9394,0,5.12199,0
2460,0,0.207455,0,4.30539,0,22.898,0,5.2878,0
2480,0,0.188796,0,4.15432,0,22.3541,0,5.22762,0
2500,0,0.19188,0,4.33682,0,23.3076,0,5.34656,0
2520,0,0.197078,0,4.45711,0,24.1657,0,5.50757,0
2540,0,0.210793,0,4.58317,0,24.7742,0,5.57037,0
2560,0,0.200337,0,4.45823,0,24.3562,0,5.46603,0
2580,0,0.183783,0,4.16846,0,23.0338,0,5.34925,0
2600,0,0.179888,0,4.25537,0,23.6021,0,5.44651,0
2620,0,0.197327,0,4.43343,0,24.1427,0,5.28226,0
2640,0,0.20369,0,4.51003,0,24.5706,0,5.49072,0
2660,0,0.184311,0,4.27375,0,23.5755,0,5.37366,0
2680,0,0.201923,0,4.39951,0,24.0264,0,5.22341,0
2700,0,0.202633,0,4.50073,0,24.6826,0,5.36831,0
2720,0,0.203943,0,4.52013,0,25.1741,0,5.45484,0
2740,0,0.202266,0,4.47586,0,24.9808,0,5.34466,0
2760,0,0.201463,0,4.429,0,24.6506,0,5.23255,0
2780,0,0.218447,0,4.55426,0,25.0434,0,5.22896,0
2800,0,0.23994,0,4.65793,0,25.4514,0,5.25008,0
2820,0,0.227336,0,4.46031,0,24.6695,0,5.1169,0
2840,0,0.235499,0,4.55032,0,25.2831,0,5.17448,0
2860,0,0.229798,0,4.53643,0,25.1861,0,5.0836,0
2880,0,0.224263,0,4.46124,0,25.1129,0,5.17355,0
2900,0,0.227735,0,4.5801,0,25.8698,0,5.29168,0
2920,0,0.220826,0,4.56867,0,25.9976,0,5.21672,0
2940,0,0.205431,0,4.56,0,26.2703,0,5.20491,0
2960,0,0.20603,0,4.50886,0,25.9422,0,5.1261,0
2980,0,0.202463,0,4.61548,0,26.724,0,5.3524,0
3000,0,0.225297,0,4.73764,0,27.2833,0,5.4124,0
3020,0,0.226343,0,4.69745,0,27.1496,0,5.42478,0
3040,0,0.23098,0,4.80455,0,28.0669,0,5.53153,0
3060,0,0.25496,0,5.05555,0,29.1182,0,5.55456,0
3080,0,0.246784,0,4.87792,0,28.0803,0,5.28403,0
3100,0,0.248449,0,4.84831,0,28.0621,0,5.24374,0
3120,0,0.223645,0,4.59871,0,27.0389,0,5.02891,0
3140,0,0.225867,0,4.85648,0,28.8353,0,5.3677,0
3160,0,0.237281,0,4.87768,0,29.0313,0,5.40755,0
3180,0,0.267226,0,5.05587,0,29.4621,0,5.42179,0
3200,0,0.238244,0,4.96913,0,29.6533,0,5.50482,0
3220,0,0.235969,0,4.98188,0,29.8734,0,5.50023,0
3240,0,0.277147,0,5.23225,0,30.5096,0,5.45315,0
3260,0,0.242904,0,4.91371,0,29.402,0,5.32801,0
3280,0,0.268582,0,5.03441,0,29.8372,0,5.32885,0
3300,0,0.259039,0,5.06625,0,30.4139,0,5.45729,0
3320,0,0.281763,0,5.3238,0,31.7278,0,5.63105,0
3340,0,0.267901,0,5.27085,0,32.3871,0,6.05384,0
3360,0,0.291578,0,5.35449,0,32.0315,0,5.79029,0
3380,0,0.306418,0,5.44785,0,32.6122,0,5.83903,0
3400,0,0.305886,0,5.47317,0,32.9758,0,5.85114,0
3420,0,0.283007,0,5.23648,0,32.1457,0,5.80405,0
3440,0,0.333058,0,5.49738,0,32.975,0,5.68889,0
3460,0,0.293092,0,5.40289,0,33.3561,0,5.77742,0
3480,0,0.299026,0,5.32141,0,33.0632,0,5.54657,0
3500,0,0.307464,0,5.40026,0,33.5085,0,5.67027,0
3520,0,0.271503,0,5.04878,0,32.1586,0,5.36373,0
3540,0,0.350134,0,5.5398,0,34.0749,0,5.59691,0
3560,0,0.324984,0,5.72153,0,35.8451,0,5.88034,0
3580,0,0.334267,0,5.79,0,36.5157,0,5.97868,0
3600,0,0.340658,0,5.79872,0,36.4314,0,5.98731,0
3620,0,0.387581,0,5.95587,0,36.9916,0,6.1371,0
3640,0,0.427561,0,6.26293,0,38.2667,0,6.24416,0
3660,0,0.401978,0,6.30559,0,39.7206,0,6.52302,0
3680,0,0.38901,0,6.2514,0,39.8827,0,6.51292,0
3700,0,0.383577,0,6.05348,0,38.7634,0,6.26386,0
3720,0,0.34112,0,5.72181,0,37.7767,0,6.05347,0
3740,0,0.356918,0,5.86804,0,38.3898,0,6.06863,0
3760,0,0.372722,0,5.98475,0,39.008,0,5.99759,0
3780,0,0.311405,0,5.72029,0,38.6067,0,5.88387,0
3800,0,0.354292,0,6.10198,0,40.4044,0,6.08928,0
3820,0,0.358999,0,6.14173,0,40.7532,0,6.07668,0
3840,0,0.356971,0,6.20653,0,41.756,0,6.14626,0
3860,0,0.400239,0,6.13172,0,40.9466,0,6.00478,0
3880,0,0.429556,0,6.64915,0,43.9475,0,6.36594,0
3900,0,0.419665,0,6.4432,0,42.7527,0,6.1343,0
3920,0,0.428199,0,6.76727,0,45.5153,0,6.5938,0
3940,0,0.453231,0,6.85178,0,45.9815,0,6.59074,0
3960,0,0.45114,0,6.90357,0,46.3914,0,6.75354,0
3980,0,0.445296,0,6.63834,0,44.0402,0,6.58117,0
4000,0,0.500239,0,7.04355,0,46.7429,0,6.5197,0
4020,0,0.469552,0,7.09548,0,47.8205,0,6.8223,0
4040,0,0.53436,0,7.36484,0,49.1683,0,6.84049,0
4060,0,0.499675,0,6.93299,0,47.222,0,6.73522,0
4080,0,0.481484,0,6.77126,0,46.5382,0,6.53859,0
4100,0,0.550606,0,7.32967,0,49.6611,0,6.88975,0
4120,0,0.486272,0,6.94957,0,48.6545,0,6.73619,0
4140,0,0.517886,0,7.28095,0,50.8145,0,7.08753,0
4160,0,0.666942,0,7.97513,0,53.342,0,7.15471,0
4180,0,0.603941,0,7.55737,0,52.3622,0,7.10043,0
4200,0,0.616404,0,7.89579,0,54.8582,0,7.34452,0
4220,0,0.657188,0,8.34097,0,58.1531,0,7.5173,0
4240,0,0.499534,0,7.30347,0,53.9542,0,7.01048,0
4260,0,0.670515,0,8.19171,0,57.2616,0,7.34539,0
4280,0,0.669946,0,8.13682,0,57.8094,0,7.36221,0
4300,0,0.625062,0,8.09443,0,59.3278,0,7.56584,0
4320,0,0.682886,0,8.51887,0,61.3167,0,7.64911,0
4340,0,0.638045,0,8.51784,0,62.6996,0,7.8997,0
4360,0,0.602432,0,8.33941,0,62.4419,0,7.89369,0
4380,0,0.684354,0,8.53962,0,62.2816,0,7.82725,0
4400,0,0.566227,0,8.30499,0,64.7129,0,8.19763,0
4420,0,0.60152,0,8.35528,0,65.4458,0,8.42878,0
4440,0,0.653731,0,8.64901,0,66.8517,0,8.57715,0
4460,0,0.663818,0,8.90461,0,68.9622,0,8.7205,0
4480,0,0.689799,0,8.90629,0,68.3767,0,8.51568,0
4500,0,0.6539,0,8.89669,0,70.1113,0,8.5645,0
4520,0,0.766659,0,9.48948,0,72.5015,0,8.67695,0
4540,0,0.893325,0,10.1646,0,75.0462,0,8.88998,0
4560,0,0.921305,0,10.1554,0,74.5386,0,8.77148,0
4580,0,1.0706,0,10.9063,0,79.1836,0,9.33134,0
4600,0,1.00483,0,10.4185,0,76.3538,0,8.92527,0
4620,0,1.04302,0,10.4451,0,75.8493,0,8.87266,0
4640,0,1.3038,0,12.4597,0,88.0036,0,10.0826,0
4660,0,1.17334,0,11.9675,0,89.3648,0,10.4729,0
4680,0,0.943751,0,11.0762,0,88.6062,0,10.5177,0
4700,0,1.2064,0,12.5784,0,96.8148,0,11.3153,0
4720,0,1.27443,0,12.6158,0,95.4803,0,11.1835,0
4740,0,1.43939,0,13.385,0,98.4542,0,11.4595,0
4760,0,1.50606,0,13.828,0,100.178,0,11.5007,0
4780,0,1.4376,0,13.4835,0,101.111,0,11.5732,0
4800,0,1.14743,0,12.1581,0,98.581,0,11.1421,0
4820,0,1.24702,0,12.8335,0,103.202,0,11.4978,0
4840,0,1.13739,0,12.1526,0,101.459,0,11.2495,0
4860,0,1.29941,0,13.3874,0,108.863,0,12.0053,0
4880,0,1.31103,0,14.0242,0,116.07,0,12.7219,0
4900,0,1.30454,0,13.5906,0,114.031,0,12.5801,0
4920,0,1.2748,0,13.6688,0,115.676,0,12.8475,0
4940,0,1.36849,0,14.0542,0,117.61,0,13.1596,0
4960,0,1.53618,0,15.437,0,131.057,0,14.7041,0
4980,0,1.37165,0,15.0075,0,133.661,0,15.0829,0
5000,0,1.58267,0,16.3049,0,141.075,0,15.8831,0
5020,0,1.87249,0,17.486,0,142.543,0,15.8623,0
5040,0,2.15155,0,19.1728,0,154.19,0,17.1111,0
5060,0,1.99471,0,18.3875,0,157.416,0,17.4588,0
5080,0,1.90958,0,18.4372,0,158.271,0,17.596,0
5100,0,2.45079,0,21.8851,0,175.153,0,19.1107,0
5120,0,2.24658,0,21.6324,0,184.586,0,20.3422,0
5140,0,2.41978,0,22.7735,0,192.478,0,21.1063,0
5160,0,2.74425,0,23.995,0,196.345,0,21.4934,0
5180,0,3.32268,0,26.7791,0,209.413,0,22.9507,0
5200,0,3.24768,0,26.1541,0,209.839,0,23.0492,0
5220,0,3.09151,0,26.3314,0,221.161,0,24.4105,0
5240,0,3.30931,0,27.3819,0,229.231,0,25.3359,0
5260,0,2.89031,0,26.259,0,236.611,0,26.5246,0
5280,0,3.00174,0,27.1269,0,244.157,0,27.5362,0
5300,0,3.76428,0,32.0986,0,274.035,0,30.1235,0
5320,0,4.19482,0,34.58,0,288.591,0,32.2348,0
5340,0,4.50227,0,36.2459,0,293.965,0,32.8632,0
5360,0,5.04299,0,39.1457,0,314.052,0,35.3735,0
5380,0,5.67221,0,42.952,0,341.792,0,38.6312,0
5400,0,5.63642,0,43.709,0,360.565,0,41.3117,0
5420,0,5.5652,0,44.841,0,386.577,0,44.6428,0
5440,0,6.44629,0,49.9878,0,415.394,0,48.1847,0
5460,0,6.47018,0,51.4615,0,438.807,0,51.692,0
5480,0,7.42956,0,55.2991,0,453.562,0,54.0013,0
5500,0,7.97104,0,60.5351,0,498.539,0,59.5951,0
5520,0,8.70839,0,66.0028,0,539.014,0,64.3879,0
5540,0,9.0508,0,68.856,0,583.401,0,70.8028,0
5560,0,11.5333,0,80.2913,0,636.809,0,77.3394,0
5580,0,11.1577,0,83.4915,0,685.085,0,83.3389,0
5600,0,8.77795,0,76.4602,0,745.881,0,92.3578,0
5620,0,11.8301,0,91.7585,0,816.663,0,101.503,0
5640,0,10.6535,0,86.6968,0,821.501,0,101.904,0
5660,0,12.8049,0,99.2788,0,912.272,0,114.889,0
5680,0,15.1934,0,110.47,0,989.154,0,128.408,0
5700,0,15.1151,0,112.741,0,1041.52,0,136.711,0
5720,0,15.883,0,118.526,0,1121.44,0,149.774,0
5740,0,15.8067,0,119.288,0,1156.84,0,157.856,0
5760,0,15.2106,0,117.804,0,1190.47,0,163.88,0
5780,0,16.4392,0,124.169,0,1219.29,0,170.168,0
5800,0,17.2576,0,127.499,0,1222.83,0,170.942,0
5820,0,18.2356,0,135.946,0,1282.13,0,173.527,0
5840,0,14.9723,0,119.868,0,1247.88,0,164.539,0
5860,0,14.4734,0,115.797,0,1184.46,0,156.563,0
5880,0,11.6121,0,108.245,0,1218.49,0,161.962,0
5900,0,10.6891,0,105.539,0,1260.42,0,161.092,0
5920,0,9.5017,0,103.224,0,1278.07,0,158.262,0
5940,0,9.46361,0,103.329,0,1291.44,0,155.296,0
5960,0,7.43695,0,94.2213,0,1226.51,0,144.635,0
5980,0,8.42311,0,97.6341,0,1259.33,0,150.353,0
6000,0,7.9616,0,95.041,0,1233.83,0,141.084,0
6020,0,7.38594,0,97.1354,0,1318.22,0,151.38,0
6040,0,6.85032,0,95.9832,0,1264.85,0,145.23,0
6060,0,6.52364,0,94.1919,0,1241.39,0,144.269,0
6080,0,6.18228,0,93.1528,0,1254.65,0,135.671,0
6100,0,5.96025,0,88.8881,0,1177.19,0,130.419,0
6120,0,5.63801,0,91.1389,0,1211.88,0,126.724,0
6140,0,5.88795,0,91.7664,0,1204.06,0,122.668,0
6160,0,5.87795,0,88.7954,0,1198.23,0,123.516,0
6180,0,5.76843,0,84.2637,0,1190.83,0,123.176,0
6200,0,5.54498,0,81.8531,0,1155.36,0,116.281,0
6220,0,5.58507,0,86.4109,0,1172.32,0,116.737,0
6240,0,5.96589,0,89.5849,0,1206.63,0,117.333,0
6260,0,6.46993,0,94.1239,0,1228.51,0,121.195,0
6280,0,6.76851,0,94.6201,0,1264.93,0,123.502,0
6300,0,7.38858,0,96.4848,0,1296.02,0,125.841,0
6320,0,7.34484,0,93.4654,0,1230.17,0,118.25,0
6340,0,7.4956,0,95.9405,0,1234.13,0,116.735,0
6360,0,7.45452,0,91.5584,0,1206.24,0,114.149,0
6380,0,6.64091,0,87.0006,0,1160.26,0,106.355,0
6400,0,6.53634,0,88.3891,0,1198.38,0,113.404,0
6420,0,6.75553,0,92.6702,0,1230.8,0,114.433,0
6440,0,6.63009,0,85.8803,0,1155.37,0,107.976,0
6460,0,6.38613,0,83.7025,0,1129.5,0,108.072,0
6480,0,5.85639,0,79.8414,0,1117.81,0,104.69,0
6500,0,5.50659,0,79.9671,0,1151.56,0,104.706,0
6520,0,6.1577,0,87.0177,0,1184.72,0,106.603,0
6540,0,6.46147,0,87.7098,0,1242.6,0,114.212,0
6560,0,7.11537,0,88.3717,0,1229.36,0,112.303,0
6580,0,6.57812,0,82.8396,0,1128.78,0,103.519,0
6600,0,5.95543,0,81.95,0,1124.45,0,102.657,0
6620,0,5.71864,0,82.1294,0,1150.23,0,102.17,0
6640,0,6.1183,0,82.559,0,1132.09,0,97.9884,0
6660,0,5.66634,0,82.0705,0,1128.95,0,102.516,0
6680,0,5.9258,0,85.2186,0,1154.58,0,103.131,0
6700,0,5.79847,0,84.2899,0,1175.88,0,106.423,0
6720,0,5.52159,0,80.0406,0,1128.02,0,101.74,0
6740,0,5.31329,0,80.2385,0,1147.46,0,99.9017,0
6760,0,5.61528,0,81.8545,0,1195.18,0,105.028,0
6780,0,5.99033,0,84.1577,0,1185.32,0,102.84,0
6800,0,5.68131,0,82.1016,0,1157.71,0,103.337,0
6820,0,6.00653,0,84.425,0,1209.94,0,106.454,0
6840,0,6.04363,0,86.3156,0,1226.35,0,106.184,0
6860,0,5.40008,0,81.5642,0,1180.3,0,102.636,0
6880,0,5.24291,0,82.4273,0,1220.46,0,103.655,0
6900,0,5.54159,0,89.5347,0,1236.64,0,103.104,0
6920,0,4.86713,0,78.8528,0,1161.24,0,95.7766,0
6940,0,5.31567,0,85.7869,0,1189.49,0,99.9442,0
6960,0,5.54428,0,91.5033,0,1241.06,0,103.802,0
6980,0,4.9229,0,81.2055,0,1175.24,0,95.5118,0
7000,0,4.81902,0,77.0577,0,1120.41,0,90.9238,0
7020,0,4.62907,0,76.2676,0,1136.18,0,93.5003,0
7040,0,4.735,0,79.4398,0,1181.86,0,96.2014,0
7060,0,4.84438,0,82.9396,0,1230.35,0,95.8858,0
7080,0,4.81264,0,80.3149,0,1146.06,0,90.1003,0
7100,0,4.80013,0,78.3684,0,1145.42,0,93.0299,0
7120,0,5.06374,0,85.8095,0,1236.64,0,99.7077,0
7140,0,4.87294,0,85.4623,0,1201.56,0,94.7148,0
7160,0,4.92934,0,84.2702,0,1207.24,0,95.8108,0
7180,0,5.10034,0,80.6174,0,1192.76,0,95.8508,0
7200,0,4.97399,0,80.9765,0,1189.01,0,95.66,0
7220,0,5.02625,0,81.556,0,1178.05,0,92.3272,0
7240,0,4.68868,0,81.5726,0,1205.82,0,93.3405,0
7260,0,4.37902,0,74.7706,0,1110.61,0,86.7492,0
7280,0,4.38692,0,78.2787,0,1156.9,0,91.3895,0
7300,0,4.43313,0,76.4135,0,1107.13,0,86.9196,0
7320,0,4.50436,0,79.1949,0,1150.18,0,89.8826,0
7340,0,4.35228,0,75.5627,0,1136.61,0,87.1502,0
7360,0,4.17509,0,74.5553,0,1124.19,0,86.4203,0
7380,0,4.15219,0,76.202,0,1143.28,0,86.6852,0
7400,0,4.35134,0,79.6244,0,1219.12,0,91.0531,0
7420,0,4.47859,0,77.2896,0,1147.77,0,83.75,0
7440,0,4.516,0,78.6391,0,1184.98,0,86.4417,0
7460,0,5.01241,0,87.0625,0,1279.94,0,95.5705,0
7480,0,5.11408,0,86.7281,0,1260.18,0,96.2164,0
7500,0,5.39046,0,93.6611,0,1290.83,0,98.7207,0
7520,0,5.14262,0,86.2746,0,1256.48,0,95.061,0
7540,0,4.72634,0,82.5385,0,1221.14,0,90.8314,0
7560,0,4.99692,0,87.7342,0,1219.56,0,91.1172,0
7580,0,4.84611,0,84.8273,0,1188.65,0,86.2726,0
7600,0,4.57173,0,83.3662,0,1225.87,0,89.547,0
7620,0,4.25254,0,78.2889,0,1180.21,0,87.898,0
7640,0,4.43125,0,84.0706,0,1211.88,0,89.8817,0
7660,0,4.19335,0,80.7713,0,1203.58,0,89.9527,0
7680,0,4.39788,0,86.1432,0,1229.87,0,89.4582,0
7700,0,4.28477,0,85.2232,0,1193.26,0,86.8947,0
7720,0,4.56322,0,91.3478,0,1237.73,0,88.6,0
7740,0,4.5904,0,89.9886,0,1283.24,0,90.5719,0
7760,0,4.34396,0,81.2474,0,1161.46,0,83.218,0
7780,0,3.99573,0,79.4477,0,1145.67,0,81.4406,0
7800,0,4.3199,0,94.1126,0,1286.06,0,89.6707,0
7820,0,4.24926,0,84.8536,0,1188.6,0,82.8945,0
7840,0,4.1669,0,85.0573,0,1250.15,0,87.5146,0
7860,0,4.07317,0,85.3126,0,1262.8,0,89.2089,0
7880,0,4.28801,0,92.0512,0,1274.44,0,88.8476,0
7900,0,4.09456,0,83.9642,0,1240.53,0,85.7917,0
7920,0,4.33786,0,84.3787,0,1247.61,0,87.2151,0
7940,0,4.46125,0,85.7482,0,1253.93,0,86.7423,0
7960,0,4.04954,0,87.0425,0,1246.62,0,84.3655,0
7980,0,3.59313,0,85.0572,0,1272.04,0,87.5976,0
8000,0,3.4176,0,75.1575,0,1120.07,0,76.167,0
8020,0,3.69618,0,74.305,0,1125.93,0,77.1612,0
8040,0,3.7706,0,79.2135,0,1199.38,0,82.8694,0
8060,0,3.71477,0,77.7426,0,1187.08,0,82.5665,0
8080,0,3.82869,0,77.1538,0,1174.17,0,81.4077,0
8100,0,4.01046,0,81.3696,0,1237.74,0,84.9603,0
8120,0,4.11357,0,83.5416,0,1274.86,0,87.7247,0
8140,0,4.17008,0,81.3109,0,1163.64,0,78.5064,0
8160,0,4.17208,0,82.4524,0,1169.11,0,79.3532,0
8180,0,4.16989,0,87.3606,0,1190.69,0,78.3076,0
8200,0,3.91707,0,80.5041,0,1161.62,0,77.0362,0
8220,0,4.22391,0,83.48,0,1214.09,0,80.3553,0
8240,0,4.57915,0,85.33,0,1247.88,0,83.811,0
8260,0,4.45683,0,84.453,0,1220.93,0,83.0489,0
8280,0,4.06277,0,80.7964,0,1181.71,0,80.9157,0
8300,0,4.08289,0,93.5346,0,1305.12,0,88.6092,0
8320,0,3.99051,0,87.1515,0,1232.82,0,83.1479,0
8340,0,3.84648,0,79.2227,0,1190.9,0,79.6385,0
8360,0,3.5483,0,80.9304,0,1222.37,0,80.6613,0
8380,0,3.46308,0,83.9686,0,1250.23,0,83.4416,0
8400,0,3.46715,0,81.9827,0,1196.72,0,78.36,0
8420,0,3.74897,0,83.4154,0,1229.52,0,78.867,0
8440,0,3.8858,0,90.2245,0,1255.67,0,81.6028,0
8460,0,3.85272,0,94.2958,0,1266.11,0,83.8384,0
8480,0,3.78337,0,90.2585,0,1313.29,0,85.9275,0
8500,0,3.45896,0,84.6434,0,1225.44,0,80.3242,0
8520,0,3.42091,0,86.471,0,1208.53,0,77.9218,0
8540,0,3.45127,0,83.1894,0,1216.95,0,77.9261,0
8560,0,3.63305,0,88.8829,0,1243.36,0,78.5223,0
8580,0,3.26987,0,77.2098,0,1184.18,0,75.91,0
8600,0,3.30169,0,81.287,0,1233.6,0,80.2035,0
8620,0,3.01271,0,75.244,0,1160.93,0,74.96,0
8640,0,3.02911,0,75.2363,0,1138.87,0,72.7664,0
8660,0,2.98451,0,76.4297,0,1152.85,0,75.2966,0
8680,0,2.79453,0,76.5323,0,1129.71,0,74.9022,0
8700,0,3.06013,0,79.0867,0,1182.48,0,76.5843,0
8720,0,2.94628,0,81.4252,0,1192.33,0,74.607,0
8740,0,3.10866,0,85.6496,0,1243.45,0,78.7912,0
8760,0,3.2209,0,84.597,0,1294.29,0,81.1234,0
8780,0,3.30134,0,80.6267,0,1218.27,0,77.5461,0
8800,0,3.5929,0,89.4396,0,1301.09,0,80.3498,0
8820,0,3.42717,0,82.6877,0,1207.25,0,73.1465,0
8840,0,3.30301,0,81.2076,0,1190.64,0,73.2892,0
8860,0,3.25693,0,77.3211,0,1152.46,0,70.4248,0
8880,0,3.05332,0,83.7088,0,1225.2,0,75.9752,0
8900,0,3.03439,0,78.6466,0,1181.5,0,73.9716,0
8920,0,2.89359,0,80.829,0,1181.95,0,72.9098,0
8940,0,2.83285,0,80.9296,0,1201.07,0,72.0021,0
8960,0,2.96069,0,82.588,0,1225.14,0,74.9586,0
8980,0,2.89117,0,80.0404,0,1196.81,0,74.1129,0
9000,0,3.1677,0,85.6116,0,1227.09,0,75.5872,0
9020,0,3.50068,0,81.6726,0,1201.76,0,74.3153,0
9040,0,3.51853,0,85.524,0,1254.59,0,77.8841,0
9060,0,3.49399,0,84.4288,0,1237.63,0,77.8059,0
9080,0,3.46162,0,89.3476,0,1281.59,0,78.7389,0
9100,0,3.51318,0,83.7832,0,1208.58,0,73.5937,0
9120,0,3.22531,0,86.3652,0,1199.37,0,72.9019,0
9140,0,3.04791,0,81.7664,0,1184.53,0,70.8008,0
9160,0,3.06607,0,81.0927,0,1137.69,0,65.9129,0
9180,0,3.27589,0,81.4389,0,1186.83,0,70.9053,0
9200,0,3.03942,0,74.6457,0,1112.98,0,67.9531,0
9220,0,3.08552,0,79.8065,0,1186.54,0,71.2854,0
9240,0,3.18191,0,82.0383,0,1238.64,0,73.9588,0
9260,0,3.22969,0,82.3093,0,1267.24,0,74.7941,0
9280,0,3.1547,0,81.9364,0,1256.58,0,74.9247,0
9300,0,3.30678,0,89.3866,0,1311.33,0,78.1287,0
9320,0,2.98643,0,81.0835,0,1221.58,0,73.5416,0
9340,0,3.33353,0,81.4981,0,1246.05,0,74.8918,0
9360,0,3.38657,0,85.5427,0,1286.99,0,75.8367,0
9380,0,3.19602,0,80.1165,0,1240.97,0,72.6289,0
9400,0,3.07215,0,85.4755,0,1267.53,0,74.0246,0
9420,0,2.98067,0,79.6564,0,1182.03,0,67.8348,0
9440,0,3.01704,0,79.5274,0,1199.24,0,68.8139,0
9460,0,2.82063,0,76.2041,0,1147.39,0,66.0645,0
9480,0,2.96425,0,77.4323,0,1130.12,0,66.4006,0
9500,0,3.2961,0,86.0122,0,1224.32,0,72.6343,0
9520,0,3.17704,0,81.867,0,1229.05,0,73.4635,0
9540,0,3.11555,0,83.1098,0,1223.91,0,72.713,0
9560,0,3.28231,0,87.7335,0,1266.24,0,74.343,0
9580,0,3.23803,0,92.0386,0,1276.48,0,75.2979,0
9600,0,3.18506,0,86.0727,0,1271.93,0,74.9406,0
9620,0,3.00945,0,82.0156,0,1183.93,0,66.6078,0
9640,0,2.8697,0,82.1764,0,1181.12,0,67.3408,0
9660,0,2.82333,0,84.8536,0,1192.74,0,68.3852,0
9680,0,2.84366,0,84.3429,0,1186.43,0,68.1729,0
9700,0,2.77233,0,80.4301,0,1188.42,0,67.8712,0
9720,0,2.96494,0,92.1807,0,1258.09,0,71.3633,0
9740,0,2.76928,0,81.2127,0,1204.67,0,69.3316,0
9760,0,2.63845,0,75.9269,0,1179.49,0,68.7558,0
9780,0,2.72366,0,74.6575,0,1174.67,0,68.7543,0
9800,0,2.96701,0,79.3678,0,1215.81,0,71.9396,0
9820,0,2.90311,0,77.4452,0,1191.95,0,70.3916,0
9840,0,2.85777,0,76.8091,0,1152.76,0,67.0726,0
9860,0,2.63468,0,78.5359,0,1170.57,0,67.5785,0
9880,0,2.63209,0,77.729,0,1167.72,0,66.8853,0
9900,0,2.88374,0,77.2071,0,1178.82,0,67.3959,0
9920,0,2.96007,0,84.0774,0,1186.34,0,67.4983,0
9940,0,2.99098,0,82.8564,0,1191.54,0,68.3955,0
9960,0,3.19273,0,83.2695,0,1228.71,0,70.2311,0
9980,0,2.94184,0,76.1286,0,1172.4,0,65.7821,0
10000,0,2.75108,0,74.7842,0,1160.79,0,66.8201,0
