tick,29,26,20,14,18,17,16,10,2,15,13,23,12,19,3,11,22,24,1,21,9,28,25,6,7,5,8,27,4,0
0,0.11,0.07,0.09,0.11,0.14,0.09,0.17,0.05,0.16,0.18,0.17,0.14,0.06,0.06,0.11,0.04,0.06,0.15,0.08,0.11,0.08,0.08,0.11,0.15,0.16,0.13,0.12,0.08,0.13,0.04
20,0.06,0.16,0.11,0.2,0.15,0.08,0.12,0.1,0.15,0.17,0.07,0.15,0.18,0.13,0.18,0.14,0.07,0.1,0.14,0.09,0.13,0.08,0.25,0.06,0.15,0.11,0.24,0.06,0.14,0.11
40,0.09,0.19,0.21,0.16,0.09,0.14,0.13,0.11,0.06,0.12,0.13,0.08,0.21,0.18,0.14,0.09,0.2,0.16,0.11,0.09,0.1,0.1,0.2,0.12,0.07,0.12,0.18,0.11,0.08,0.12
60,0.11,0.11,0.13,0.08,0.07,0.12,0.1,0.05,0.06,0.06,0.11,0.06,0.13,0.1,0.13,0.05,0.1,0.09,0.1,0.08,0.12,0.12,0.13,0.17,0.15,0.15,0.14,0.04,0.13,0.09
80,0.13,0.06,0.08,0.18,0.14,0.11,0.1,0.12,0.11,0.1,0.11,0.08,0.15,0.11,0.15,0.11,0.07,0.21,0.08,0.12,0.12,0.17,0.11,0.1,0.13,0.14,0.12,0.07,0.17,0.11
100,0.11,0.1,0.18,0.12,0.07,0.13,0.11,0.1,0.09,0.08,0.09,0.1,0.15,0.1,0.13,0.15,0.06,0.1,0.15,0.15,0.11,0.21,0.22,0.07,0.14,0.14,0.12,0.05,0.1,0.08
120,0.16,0.07,0.09,0.14,0.13,0.09,0.1,0.15,0.16,0.14,0.17,0.1,0.11,0.14,0.15,0.16,0.05,0.1,0.14,0.08,0.15,0.12,0.08,0.11,0.12,0.1,0.11,0.18,0.09,0.1
140,0.1,0.09,0.15,0.11,0.17,0.17,0.09,0.12,0.15,0.12,0.12,0.14,0.14,0.19,0.13,0.13,0.2,0.1,0.16,0.14,0.09,0.08,0.23,0.19,0.16,0.14,0.14,0.14,0.15,0.13
160,0.11,0.1,0.13,0.14,0.18,0.13,0.17,0.15,0.16,0.12,0.15,0.12,0.13,0.15,0.14,0.17,0.11,0.1,0.09,0.15,0.11,0.13,0.18,0.13,0.16,0.12,0.14,0.18,0.14,0.19
180,0.18,0.19,0.2,0.14,0.18,0.16,0.18,0.14,0.09,0.15,0.15,0.1,0.16,0.22,0.17,0.14,0.2,0.21,0.1,0.17,0.18,0.15,0.16,0.15,0.13,0.19,0.17,0.16,0.11,0.13
200,0.19,0.19,0.18,0.17,0.19,0.15,0.14,0.22,0.13,0.18,0.17,0.21,0.17,0.13,0.15,0.21,0.13,0.24,0.19,0.16,0.18,0.2,0.19,0.12,0.18,0.2,0.18,0.18,0.16,0.12
220,0.12,0.17,0.22,0.14,0.22,0.2,0.16,0.18,0.16,0.19,0.23,0.18,0.13,0.19,0.25,0.24,0.2,0.2,0.18,0.11,0.16,0.21,0.2,0.2,0.19,0.09,0.15,0.19,0.18,0.19
240,0.28,0.28,0.25,0.37,0.14,0.2,0.2,0.26,0.22,0.22,0.2,0.18,0.22,0.22,0.19,0.23,0.22,0.17,0.16,0.16,0.23,0.25,0.17,0.26,0.28,0.19,0.15,0.21,0.17,0.14
260,0.25,0.19,0.23,0.2,0.18,0.24,0.21,0.19,0.17,0.19,0.18,0.21,0.1,0.19,0.21,0.18,0.23,0.19,0.26,0.14,0.23,0.18,0.2,0.18,0.2,0.19,0.16,0.2,0.24,0.17
280,0.17,0.22,0.26,0.25,0.23,0.17,0.22,0.2,0.2,0.2,0.17,0.2,0.18,0.22,0.19,0.15,0.24,0.16,0.19,0.2,0.22,0.17,0.28,0.24,0.23,0.21,0.23,0.11,0.22,0.21
300,0.28,0.22,0.25,0.25,0.23,0.16,0.32,0.33,0.16,0.23,0.32,0.25,0.25,0.29,0.17,0.31,0.17,0.29,0.25,0.21,0.27,0.18,0.28,0.2,0.29,0.3,0.27,0.29,0.24,0.2
320,0.26,0.23,0.23,0.23,0.25,0.24,0.23,0.18,0.23,0.18,0.2,0.24,0.21,0.27,0.19,0.17,0.25,0.3,0.26,0.2,0.29,0.33,0.3,0.23,0.22,0.24,0.23,0.22,0.26,0.27
340,0.19,0.29,0.29,0.23,0.25,0.28,0.28,0.18,0.27,0.22,0.24,0.23,0.23,0.2,0.23,0.21,0.23,0.2,0.18,0.23,0.21,0.16,0.25,0.19,0.31,0.24,0.35,0.3,0.21,0.22
360,0.33,0.23,0.21,0.43,0.25,0.27,0.31,0.27,0.24,0.33,0.23,0.23,0.28,0.23,0.17,0.34,0.27,0.21,0.23,0.25,0.28,0.24,0.26,0.28,0.33,0.28,0.23,0.31,0.25,0.24
380,0.24,0.17,0.24,0.36,0.29,0.33,0.28,0.26,0.26,0.29,0.28,0.24,0.29,0.26,0.3,0.24,0.3,0.19,0.26,0.17,0.23,0.22,0.21,0.37,0.32,0.23,0.3,0.21,0.23,0.28
400,0.33,0.25,0.32,0.17,0.31,0.26,0.28,0.28,0.36,0.28,0.23,0.28,0.27,0.17,0.26,0.18,0.3,0.24,0.14,0.3,0.28,0.36,0.27,0.21,0.22,0.26,0.25,0.3,0.26,0.3
420,0.31,0.23,0.29,0.26,0.26,0.27,0.28,0.34,0.25,0.25,0.28,0.37,0.24,0.28,0.26,0.32,0.26,0.23,0.28,0.35,0.24,0.24,0.29,0.25,0.31,0.32,0.32,0.27,0.29,0.26
440,0.32,0.33,0.2,0.28,0.28,0.31,0.28,0.29,0.3,0.4,0.3,0.29,0.29,0.28,0.23,0.29,0.24,0.27,0.35,0.38,0.34,0.31,0.27,0.34,0.28,0.25,0.28,0.36,0.27,0.32
460,0.3,0.22,0.38,0.3,0.31,0.29,0.34,0.31,0.3,0.29,0.26,0.35,0.3,0.3,0.33,0.26,0.31,0.35,0.31,0.3,0.25,0.29,0.39,0.33,0.28,0.17,0.19,0.31,0.41,0.24
480,0.35,0.29,0.34,0.35,0.32,0.28,0.34,0.33,0.34,0.31,0.37,0.33,0.39,0.24,0.24,0.32,0.22,0.27,0.31,0.29,0.24,0.29,0.38,0.35,0.27,0.35,0.25,0.3,0.3,0.28
500,0.33,0.37,0.36,0.35,0.37,0.25,0.37,0.31,0.33,0.36,0.32,0.33,0.39,0.27,0.29,0.35,0.33,0.22,0.3,0.33,0.3,0.29,0.32,0.27,0.27,0.41,0.3,0.29,0.34,0.2
520,0.35,0.34,0.19,0.33,0.37,0.26,0.34,0.33,0.36,0.4,0.26,0.31,0.4,0.27,0.38,0.4,0.2,0.37,0.35,0.23,0.41,0.3,0.26,0.27,0.27,0.28,0.29,0.28,0.23,0.32
540,0.32,0.38,0.29,0.32,0.31,0.33,0.3,0.26,0.35,0.3,0.42,0.24,0.28,0.43,0.32,0.34,0.43,0.3,0.31,0.28,0.25,0.23,0.22,0.32,0.29,0.36,0.35,0.23,0.3,0.34
560,0.24,0.29,0.31,0.39,0.26,0.37,0.37,0.32,0.26,0.31,0.3,0.34,0.34,0.36,0.35,0.32,0.35,0.31,0.32,0.27,0.39,0.33,0.36,0.31,0.38,0.31,0.3,0.31,0.29,0.43
580,0.33,0.3,0.38,0.27,0.32,0.33,0.3,0.29,0.32,0.3,0.28,0.31,0.33,0.43,0.36,0.33,0.41,0.32,0.41,0.27,0.37,0.38,0.27,0.32,0.38,0.29,0.36,0.3,0.27,0.3
600,0.33,0.37,0.36,0.27,0.35,0.34,0.37,0.41,0.34,0.34,0.26,0.36,0.38,0.45,0.4,0.36,0.38,0.31,0.44,0.28,0.24,0.51,0.39,0.35,0.43,0.36,0.35,0.35,0.17,0.27
620,0.35,0.29,0.37,0.36,0.37,0.35,0.36,0.39,0.28,0.38,0.38,0.31,0.32,0.26,0.29,0.31,0.34,0.38,0.31,0.36,0.41,0.35,0.28,0.28,0.4,0.27,0.33,0.36,0.29,0.34
640,0.28,0.29,0.29,0.24,0.34,0.3,0.3,0.34,0.31,0.29,0.38,0.33,0.3,0.34,0.35,0.28,0.37,0.35,0.35,0.46,0.36,0.31,0.35,0.4,0.34,0.32,0.34,0.35,0.4,0.34
660,0.45,0.25,0.4,0.41,0.24,0.29,0.42,0.32,0.34,0.3,0.27,0.37,0.35,0.4,0.31,0.49,0.28,0.26,0.41,0.36,0.33,0.36,0.43,0.39,0.34,0.4,0.37,0.45,0.41,0.34
680,0.35,0.35,0.42,0.42,0.37,0.38,0.33,0.37,0.31,0.41,0.29,0.31,0.33,0.34,0.39,0.26,0.4,0.36,0.35,0.34,0.36,0.29,0.38,0.38,0.42,0.32,0.36,0.33,0.35,0.29
700,0.27,0.35,0.43,0.38,0.45,0.41,0.39,0.39,0.31,0.33,0.39,0.33,0.33,0.34,0.4,0.29,0.37,0.28,0.31,0.37,0.28,0.3,0.26,0.32,0.31,0.37,0.42,0.33,0.35,0.43
720,0.34,0.34,0.37,0.39,0.37,0.44,0.36,0.4,0.41,0.32,0.38,0.36,0.36,0.28,0.39,0.33,0.39,0.44,0.38,0.27,0.33,0.34,0.31,0.35,0.36,0.36,0.34,0.35,0.41,0.35
740,0.36,0.33,0.39,0.32,0.32,0.4,0.33,0.41,0.43,0.33,0.41,0.43,0.39,0.36,0.42,0.3,0.42,0.44,0.29,0.37,0.37,0.41,0.41,0.34,0.34,0.32,0.34,0.33,0.41,0.31
760,0.4,0.4,0.3,0.4,0.35,0.33,0.45,0.35,0.39,0.41,0.39,0.31,0.41,0.4,0.34,0.42,0.38,0.44,0.45,0.31,0.33,0.39,0.37,0.3,0.39,0.44,0.38,0.43,0.35,0.3
780,0.37,0.39,0.35,0.35,0.47,0.36,0.42,0.44,0.4,0.37,0.36,0.3,0.47,0.32,0.34,0.41,0.36,0.33,0.46,0.39,0.43,0.43,0.32,0.33,0.34,0.44,0.28,0.42,0.41,0.37
800,0.45,0.41,0.46,0.4,0.43,0.33,0.4,0.37,0.4,0.4,0.34,0.38,0.41,0.36,0.38,0.34,0.4,0.37,0.32,0.37,0.44,0.45,0.33,0.44,0.27,0.41,0.32,0.4,0.41,0.38
820,0.38,0.42,0.45,0.3,0.34,0.44,0.37,0.34,0.34,0.4,0.35,0.36,0.37,0.42,0.37,0.39,0.38,0.33,0.38,0.32,0.41,0.36,0.3,0.35,0.39,0.43,0.37,0.41,0.35,0.29
840,0.4,0.47,0.37,0.4,0.43,0.26,0.37,0.4,0.34,0.35,0.42,0.35,0.33,0.42,0.4,0.4,0.37,0.39,0.3,0.41,0.35,0.39,0.45,0.36,0.34,0.29,0.3,0.46,0.29,0.37
860,0.45,0.41,0.39,0.39,0.43,0.46,0.4,0.4,0.33,0.41,0.33,0.33,0.38,0.41,0.39,0.37,0.37,0.29,0.35,0.29,0.34,0.34,0.46,0.29,0.37,0.4,0.37,0.42,0.42,0.44
880,0.35,0.48,0.41,0.31,0.4,0.41,0.4,0.35,0.39,0.48,0.37,0.34,0.41,0.33,0.37,0.4,0.44,0.42,0.33,0.42,0.33,0.43,0.39,0.28,0.42,0.33,0.32,0.37,0.35,0.31
900,0.46,0.37,0.39,0.35,0.38,0.41,0.43,0.41,0.35,0.44,0.37,0.3,0.37,0.37,0.28,0.36,0.39,0.35,0.34,0.41,0.35,0.4,0.36,0.49,0.42,0.36,0.41,0.43,0.37,0.34
920,0.34,0.37,0.41,0.32,0.43,0.45,0.29,0.44,0.45,0.32,0.38,0.51,0.33,0.41,0.36,0.28,0.42,0.37,0.26,0.38,0.33,0.26,0.39,0.41,0.36,0.34,0.45,0.38,0.35,0.3
940,0.35,0.41,0.42,0.33,0.49,0.37,0.38,0.46,0.34,0.4,0.44,0.39,0.44,0.47,0.42,0.37,0.44,0.44,0.33,0.38,0.35,0.45,0.49,0.41,0.55,0.4,0.41,0.39,0.4,0.38
960,0.35,0.36,0.49,0.4,0.4,0.37,0.36,0.32,0.46,0.32,0.37,0.38,0.42,0.41,0.42,0.4,0.31,0.39,0.38,0.33,0.4,0.39,0.35,0.38,0.37,0.48,0.37,0.37,0.37,0.38
980,0.39,0.36,0.38,0.44,0.38,0.44,0.4,0.4,0.39,0.42,0.41,0.45,0.47,0.35,0.37,0.41,0.41,0.3,0.44,0.41,0.33,0.41,0.39,0.36,0.35,0.44,0.43,0.46,0.46,0.35
1000,0.33,0.38,0.39,0.35,0.47,0.39,0.38,0.47,0.33,0.36,0.35,0.45,0.36,0.42,0.4,0.4,0.4,0.46,0.42,0.31,0.43,0.35,0.45,0.33,0.38,0.43,0.39,0.48,0.29,0.37
1020,0.43,0.33,0.46,0.34,0.37,0.37,0.43,0.42,0.45,0.42,0.37,0.42,0.38,0.42,0.4,0.37,0.38,0.3,0.39,0.38,0.39,0.47,0.39,0.44,0.39,0.45,0.4,0.35,0.44,0.41
1040,0.32,0.37,0.37,0.41,0.36,0.38,0.39,0.32,0.36,0.39,0.37,0.38,0.43,0.31,0.31,0.45,0.44,0.42,0.45,0.4,0.34,0.43,0.45,0.35,0.37,0.36,0.42,0.38,0.42,0.48
1060,0.37,0.41,0.35,0.39,0.37,0.36,0.36,0.41,0.38,0.39,0.46,0.38,0.42,0.37,0.4,0.44,0.37,0.33,0.35,0.44,0.41,0.45,0.49,0.36,0.45,0.34,0.34,0.49,0.46,0.36
1080,0.36,0.39,0.47,0.43,0.36,0.37,0.37,0.44,0.43,0.45,0.43,0.48,0.38,0.54,0.41,0.46,0.49,0.41,0.41,0.34,0.48,0.47,0.49,0.27,0.4,0.36,0.37,0.35,0.42,0.4
1100,0.43,0.34,0.36,0.42,0.45,0.49,0.47,0.33,0.34,0.43,0.41,0.39,0.44,0.37,0.4,0.32,0.43,0.37,0.4,0.31,0.39,0.46,0.46,0.42,0.31,0.31,0.4,0.49,0.41,0.42
1120,0.46,0.4,0.41,0.45,0.46,0.47,0.38,0.37,0.37,0.3,0.49,0.38,0.35,0.41,0.39,0.4,0.43,0.43,0.39,0.4,0.37,0.51,0.43,0.39,0.42,0.43,0.34,0.41,0.33,0.38
1140,0.44,0.41,0.42,0.54,0.45,0.38,0.41,0.4,0.48,0.5,0.45,0.38,0.46,0.5,0.36,0.49,0.4,0.46,0.42,0.42,0.35,0.4,0.35,0.49,0.44,0.41,0.53,0.44,0.43,0.36
1160,0.43,0.44,0.45,0.37,0.4,0.33,0.41,0.33,0.41,0.4,0.43,0.48,0.43,0.45,0.45,0.37,0.48,0.37,0.35,0.48,0.31,0.41,0.43,0.45,0.5,0.41,0.39,0.37,0.49,0.43
1180,0.4,0.41,0.47,0.3,0.45,0.44,0.4,0.47,0.41,0.44,0.45,0.39,0.44,0.41,0.36,0.44,0.47,0.37,0.43,0.51,0.4,0.35,0.41,0.45,0.4,0.38,0.45,0.39,0.4,0.39
1200,0.35,0.37,0.36,0.38,0.5,0.42,0.37,0.46,0.41,0.44,0.5,0.44,0.5,0.36,0.47,0.32,0.4,0.41,0.45,0.39,0.44,0.4,0.41,0.48,0.45,0.44,0.4,0.33,0.45,0.36
1220,0.54,0.51,0.37,0.42,0.36,0.43,0.42,0.44,0.45,0.43,0.43,0.43,0.4,0.43,0.47,0.47,0.39,0.42,0.45,0.57,0.54,0.4,0.41,0.41,0.41,0.5,0.45,0.42,0.49,0.41
1240,0.41,0.46,0.37,0.5,0.39,0.51,0.44,0.39,0.39,0.48,0.4,0.46,0.41,0.54,0.39,0.47,0.45,0.39,0.5,0.4,0.39,0.46,0.34,0.37,0.45,0.46,0.51,0.4,0.44,0.49
1260,0.5,0.42,0.44,0.48,0.45,0.42,0.36,0.43,0.49,0.53,0.41,0.41,0.45,0.43,0.49,0.46,0.44,0.36,0.47,0.39,0.51,0.39,0.38,0.41,0.47,0.45,0.42,0.39,0.43,0.49
1280,0.53,0.43,0.37,0.51,0.48,0.42,0.45,0.51,0.48,0.45,0.46,0.55,0.47,0.47,0.39,0.45,0.38,0.38,0.48,0.47,0.53,0.42,0.46,0.52,0.48,0.42,0.46,0.4,0.43,0.52
1300,0.44,0.47,0.37,0.42,0.42,0.5,0.4,0.41,0.49,0.43,0.43,0.45,0.46,0.43,0.38,0.43,0.48,0.43,0.45,0.4,0.38,0.43,0.45,0.46,0.44,0.39,0.46,0.41,0.49,0.44
1320,0.5,0.47,0.45,0.5,0.51,0.45,0.43,0.48,0.44,0.52,0.47,0.48,0.49,0.45,0.43,0.51,0.41,0.42,0.48,0.42,0.47,0.51,0.49,0.45,0.51,0.46,0.46,0.5,0.37,0.55
1340,0.44,0.52,0.47,0.4,0.44,0.44,0.45,0.5,0.48,0.42,0.35,0.49,0.5,0.44,0.45,0.52,0.47,0.52,0.49,0.47,0.48,0.51,0.42,0.49,0.56,0.53,0.44,0.45,0.44,0.44
1360,0.46,0.43,0.41,0.45,0.4,0.48,0.43,0.46,0.44,0.45,0.45,0.42,0.51,0.51,0.39,0.43,0.45,0.4,0.39,0.45,0.45,0.46,0.49,0.45,0.49,0.39,0.41,0.39,0.54,0.45
1380,0.47,0.48,0.41,0.58,0.49,0.51,0.51,0.37,0.5,0.51,0.42,0.49,0.53,0.42,0.42,0.57,0.5,0.48,0.49,0.49,0.43,0.56,0.44,0.34,0.57,0.47,0.46,0.57,0.49,0.57
1400,0.52,0.45,0.47,0.51,0.52,0.41,0.45,0.38,0.41,0.41,0.47,0.4,0.5,0.44,0.46,0.52,0.56,0.53,0.39,0.51,0.42,0.48,0.42,0.4,0.43,0.49,0.58,0.47,0.38,0.45
1420,0.46,0.36,0.4,0.47,0.45,0.52,0.45,0.47,0.53,0.52,0.5,0.43,0.51,0.57,0.49,0.51,0.41,0.45,0.58,0.38,0.35,0.54,0.43,0.43,0.52,0.44,0.6,0.55,0.47,0.41
1440,0.49,0.52,0.5,0.42,0.44,0.44,0.46,0.52,0.42,0.54,0.43,0.51,0.54,0.53,0.46,0.49,0.51,0.4,0.51,0.41,0.46,0.51,0.52,0.47,0.46,0.47,0.51,0.57,0.52,0.53
1460,0.39,0.55,0.57,0.5,0.44,0.51,0.45,0.45,0.39,0.54,0.45,0.51,0.48,0.47,0.51,0.44,0.46,0.51,0.42,0.51,0.53,0.35,0.51,0.58,0.5,0.41,0.45,0.45,0.48,0.47
1480,0.42,0.56,0.51,0.52,0.53,0.42,0.5,0.5,0.42,0.47,0.54,0.59,0.48,0.54,0.41,0.46,0.46,0.59,0.46,0.55,0.45,0.55,0.58,0.43,0.47,0.46,0.5,0.5,0.44,0.49
1500,0.48,0.49,0.52,0.55,0.5,0.42,0.51,0.48,0.46,0.47,0.5,0.4,0.46,0.51,0.32,0.53,0.5,0.51,0.53,0.52,0.56,0.5,0.49,0.56,0.5,0.54,0.49,0.4,0.41,0.54
1520,0.51,0.48,0.43,0.46,0.45,0.45,0.47,0.42,0.46,0.51,0.51,0.49,0.54,0.44,0.44,0.51,0.46,0.57,0.53,0.47,0.5,0.55,0.42,0.54,0.55,0.5,0.45,0.56,0.37,0.52
1540,0.58,0.52,0.54,0.52,0.45,0.49,0.58,0.51,0.5,0.59,0.58,0.48,0.53,0.47,0.38,0.58,0.51,0.45,0.51,0.57,0.48,0.5,0.49,0.46,0.52,0.5,0.42,0.46,0.57,0.49
1560,0.56,0.47,0.49,0.55,0.56,0.54,0.58,0.54,0.46,0.57,0.57,0.53,0.48,0.56,0.46,0.56,0.49,0.51,0.48,0.53,0.47,0.53,0.47,0.48,0.54,0.46,0.51,0.59,0.48,0.55
1580,0.54,0.45,0.47,0.52,0.52,0.55,0.58,0.49,0.51,0.51,0.48,0.55,0.43,0.48,0.57,0.51,0.51,0.5,0.51,0.45,0.5,0.46,0.47,0.52,0.46,0.51,0.45,0.49,0.4,0.56
1600,0.46,0.45,0.4,0.52,0.5,0.44,0.51,0.52,0.51,0.45,0.56,0.39,0.4,0.43,0.49,0.44,0.47,0.62,0.49,0.56,0.52,0.49,0.39,0.58,0.5,0.45,0.43,0.52,0.59,0.44
1620,0.55,0.53,0.46,0.51,0.51,0.43,0.45,0.54,0.49,0.48,0.55,0.52,0.41,0.46,0.5,0.42,0.43,0.51,0.4,0.53,0.52,0.45,0.58,0.51,0.51,0.58,0.55,0.43,0.5,0.56
1640,0.61,0.44,0.46,0.53,0.52,0.51,0.59,0.45,0.45,0.55,0.55,0.48,0.64,0.47,0.49,0.61,0.55,0.58,0.51,0.46,0.52,0.59,0.54,0.48,0.56,0.44,0.45,0.55,0.56,0.51
1660,0.46,0.48,0.53,0.48,0.46,0.45,0.52,0.53,0.52,0.54,0.45,0.52,0.53,0.5,0.56,0.52,0.47,0.46,0.51,0.49,0.53,0.45,0.44,0.59,0.54,0.53,0.58,0.43,0.57,0.43
1680,0.44,0.6,0.48,0.54,0.54,0.43,0.54,0.44,0.45,0.46,0.48,0.48,0.57,0.48,0.52,0.61,0.51,0.53,0.64,0.5,0.5,0.55,0.54,0.47,0.48,0.51,0.5,0.57,0.5,0.47
1700,0.52,0.48,0.58,0.46,0.53,0.54,0.5,0.46,0.42,0.51,0.51,0.42,0.45,0.49,0.51,0.52,0.55,0.56,0.58,0.57,0.49,0.46,0.53,0.5,0.51,0.57,0.5,0.58,0.55,0.52
1720,0.52,0.59,0.51,0.47,0.56,0.57,0.5,0.6,0.42,0.55,0.48,0.64,0.55,0.54,0.44,0.57,0.53,0.59,0.58,0.55,0.44,0.54,0.52,0.57,0.52,0.55,0.48,0.41,0.59,0.53
1740,0.44,0.44,0.52,0.5,0.47,0.53,0.46,0.59,0.56,0.5,0.48,0.52,0.48,0.51,0.57,0.48,0.53,0.48,0.46,0.59,0.48,0.49,0.43,0.48,0.49,0.52,0.47,0.57,0.6,0.58
1760,0.51,0.54,0.45,0.46,0.53,0.49,0.53,0.47,0.51,0.47,0.48,0.46,0.42,0.46,0.45,0.57,0.58,0.48,0.59,0.6,0.53,0.58,0.53,0.55,0.55,0.48,0.48,0.51,0.54,0.42
1780,0.53,0.49,0.53,0.51,0.49,0.59,0.55,0.52,0.41,0.47,0.44,0.51,0.52,0.57,0.51,0.46,0.53,0.56,0.48,0.44,0.53,0.58,0.53,0.51,0.53,0.47,0.53,0.54,0.61,0.52
1800,0.54,0.59,0.55,0.52,0.49,0.57,0.55,0.45,0.5,0.56,0.56,0.61,0.51,0.5,0.52,0.56,0.49,0.54,0.57,0.52,0.51,0.58,0.6,0.45,0.51,0.58,0.5,0.5,0.6,0.5
1820,0.56,0.58,0.54,0.5,0.48,0.55,0.52,0.55,0.49,0.51,0.55,0.61,0.55,0.47,0.55,0.56,0.59,0.54,0.52,0.58,0.55,0.5,0.5,0.42,0.49,0.59,0.49,0.45,0.44,0.53
1840,0.53,0.52,0.5,0.58,0.55,0.41,0.54,0.53,0.47,0.44,0.5,0.45,0.5,0.58,0.51,0.58,0.55,0.58,0.53,0.54,0.45,0.56,0.5,0.47,0.55,0.45,0.53,0.55,0.51,0.52
1860,0.51,0.51,0.53,0.59,0.5,0.46,0.54,0.5,0.55,0.55,0.51,0.57,0.51,0.51,0.61,0.54,0.53,0.58,0.52,0.47,0.5,0.56,0.53,0.55,0.47,0.45,0.44,0.47,0.45,0.53
1880,0.56,0.58,0.52,0.51,0.51,0.49,0.58,0.39,0.52,0.49,0.51,0.57,0.46,0.36,0.43,0.55,0.47,0.49,0.52,0.56,0.54,0.57,0.46,0.57,0.52,0.47,0.56,0.56,0.58,0.55
1900,0.54,0.38,0.56,0.46,0.51,0.6,0.43,0.48,0.48,0.43,0.49,0.54,0.52,0.46,0.54,0.52,0.47,0.62,0.5,0.47,0.53,0.51,0.54,0.5,0.48,0.56,0.47,0.52,0.55,0.51
1920,0.51,0.41,0.56,0.55,0.49,0.5,0.48,0.52,0.46,0.52,0.51,0.43,0.63,0.64,0.59,0.54,0.53,0.52,0.56,0.45,0.45,0.47,0.55,0.57,0.54,0.57,0.55,0.51,0.51,0.51
1940,0.54,0.52,0.57,0.59,0.45,0.48,0.44,0.44,0.46,0.49,0.53,0.6,0.51,0.49,0.53,0.51,0.49,0.46,0.58,0.54,0.57,0.44,0.45,0.5,0.53,0.51,0.51,0.59,0.5,0.57
1960,0.61,0.42,0.51,0.54,0.43,0.53,0.51,0.55,0.55,0.46,0.5,0.58,0.5,0.61,0.56,0.46,0.49,0.49,0.51,0.54,0.53,0.46,0.54,0.56,0.55,0.61,0.51,0.53,0.48,0.59
1980,0.53,0.54,0.57,0.44,0.56,0.53,0.48,0.52,0.51,0.56,0.49,0.46,0.5,0.58,0.55,0.53,0.44,0.51,0.56,0.53,0.54,0.56,0.52,0.51,0.52,0.48,0.48,0.59,0.62,0.45
2000,0.54,0.52,0.54,0.56,0.49,0.55,0.53,0.6,0.53,0.54,0.57,0.68,0.46,0.59,0.58,0.5,0.58,0.51,0.43,0.46,0.45,0.55,0.46,0.53,0.59,0.58,0.52,0.47,0.5,0.47
2020,0.59,0.57,0.58,0.6,0.54,0.54,0.67,0.59,0.49,0.53,0.48,0.54,0.56,0.56,0.51,0.53,0.59,0.54,0.52,0.52,0.55,0.64,0.55,0.62,0.63,0.6,0.54,0.56,0.53,0.49
2040,0.43,0.58,0.51,0.58,0.64,0.57,0.5,0.6,0.46,0.57,0.61,0.57,0.51,0.53,0.52,0.55,0.53,0.52,0.43,0.6,0.52,0.57,0.51,0.57,0.54,0.59,0.54,0.41,0.58,0.55
2060,0.61,0.57,0.55,0.61,0.54,0.55,0.57,0.55,0.52,0.57,0.54,0.48,0.48,0.55,0.59,0.54,0.48,0.58,0.56,0.55,0.55,0.52,0.54,0.5,0.59,0.56,0.55,0.55,0.47,0.43
2080,0.62,0.49,0.47,0.52,0.5,0.55,0.57,0.54,0.59,0.58,0.53,0.64,0.53,0.51,0.58,0.6,0.53,0.56,0.54,0.52,0.5,0.42,0.51,0.58,0.46,0.55,0.51,0.54,0.54,0.55
2100,0.5,0.6,0.54,0.57,0.59,0.49,0.51,0.54,0.52,0.53,0.57,0.5,0.56,0.61,0.51,0.53,0.54,0.54,0.59,0.53,0.62,0.53,0.5,0.58,0.52,0.55,0.62,0.57,0.6,0.55
2120,0.57,0.58,0.51,0.59,0.53,0.58,0.55,0.5,0.53,0.63,0.47,0.47,0.55,0.52,0.61,0.54,0.52,0.49,0.58,0.53,0.54,0.54,0.54,0.56,0.52,0.55,0.61,0.5,0.53,0.66
2140,0.56,0.54,0.57,0.46,0.56,0.57,0.53,0.58,0.64,0.53,0.57,0.48,0.57,0.52,0.51,0.55,0.47,0.58,0.5,0.55,0.56,0.54,0.51,0.61,0.47,0.58,0.43,0.58,0.57,0.53
2160,0.43,0.63,0.54,0.47,0.58,0.67,0.45,0.49,0.52,0.44,0.53,0.43,0.45,0.56,0.55,0.46,0.54,0.6,0.49,0.54,0.56,0.52,0.55,0.55,0.58,0.5,0.64,0.55,0.47,0.54
2180,0.63,0.53,0.43,0.51,0.58,0.49,0.56,0.58,0.48,0.54,0.45,0.54,0.46,0.63,0.56,0.57,0.54,0.53,0.62,0.47,0.45,0.61,0.52,0.51,0.51,0.57,0.48,0.46,0.55,0.55
2200,0.6,0.58,0.6,0.51,0.52,0.51,0.55,0.55,0.59,0.42,0.56,0.5,0.56,0.63,0.55,0.55,0.49,0.45,0.46,0.53,0.58,0.48,0.56,0.52,0.55,0.62,0.53,0.53,0.48,0.51
2220,0.51,0.58,0.53,0.56,0.53,0.56,0.56,0.58,0.53,0.54,0.57,0.56,0.53,0.5,0.62,0.54,0.48,0.47,0.53,0.55,0.55,0.59,0.57,0.65,0.48,0.47,0.43,0.56,0.52,0.52
2240,0.55,0.57,0.55,0.56,0.47,0.54,0.53,0.57,0.54,0.51,0.6,0.5,0.52,0.58,0.62,0.44,0.6,0.48,0.55,0.64,0.54,0.6,0.55,0.53,0.45,0.55,0.48,0.46,0.56,0.57
2260,0.54,0.58,0.54,0.52,0.59,0.55,0.57,0.54,0.53,0.55,0.47,0.55,0.6,0.53,0.52,0.55,0.51,0.49,0.6,0.53,0.56,0.5,0.57,0.59,0.49,0.5,0.51,0.53,0.63,0.58
2280,0.49,0.58,0.54,0.48,0.56,0.59,0.53,0.6,0.53,0.5,0.58,0.55,0.5,0.52,0.56,0.51,0.49,0.47,0.52,0.58,0.56,0.5,0.53,0.57,0.55,0.49,0.59,0.49,0.49,0.54
2300,0.57,0.51,0.55,0.64,0.59,0.62,0.47,0.58,0.55,0.49,0.53,0.48,0.43,0.52,0.47,0.48,0.64,0.51,0.55,0.57,0.51,0.48,0.41,0.59,0.51,0.61,0.56,0.57,0.54,0.54
2320,0.56,0.54,0.56,0.53,0.6,0.47,0.57,0.49,0.51,0.53,0.55,0.52,0.5,0.46,0.5,0.46,0.63,0.47,0.43,0.61,0.56,0.52,0.54,0.61,0.53,0.54,0.48,0.54,0.44,0.49
2340,0.48,0.46,0.55,0.54,0.55,0.5,0.55,0.63,0.48,0.48,0.57,0.57,0.55,0.53,0.55,0.55,0.5,0.44,0.55,0.53,0.47,0.5,0.51,0.55,0.52,0.56,0.54,0.59,0.49,0.47
2360,0.55,0.52,0.56,0.55,0.65,0.54,0.48,0.61,0.54,0.45,0.47,0.49,0.47,0.48,0.44,0.54,0.5,0.49,0.53,0.52,0.49,0.56,0.45,0.52,0.48,0.47,0.56,0.51,0.56,0.53
2380,0.38,0.42,0.56,0.48,0.62,0.51,0.55,0.5,0.46,0.49,0.48,0.5,0.52,0.54,0.53,0.46,0.4,0.51,0.43,0.43,0.5,0.45,0.53,0.36,0.49,0.5,0.59,0.44,0.47,0.52
2400,0.56,0.45,0.47,0.54,0.59,0.49,0.56,0.55,0.49,0.6,0.51,0.6,0.48,0.48,0.51,0.65,0.56,0.49,0.49,0.54,0.49,0.48,0.52,0.49,0.63,0.48,0.5,0.53,0.46,0.56
2420,0.57,0.65,0.54,0.49,0.44,0.52,0.58,0.45,0.61,0.49,0.55,0.49,0.53,0.54,0.56,0.53,0.48,0.5,0.58,0.59,0.55,0.49,0.51,0.51,0.42,0.51,0.52,0.49,0.51,0.52
2440,0.46,0.56,0.53,0.51,0.54,0.6,0.48,0.5,0.54,0.47,0.58,0.49,0.5,0.41,0.49,0.53,0.6,0.59,0.51,0.54,0.52,0.53,0.53,0.62,0.61,0.61,0.66,0.51,0.54,0.57
2460,0.57,0.44,0.49,0.56,0.49,0.5,0.52,0.46,0.55,0.47,0.52,0.47,0.51,0.48,0.64,0.49,0.45,0.55,0.46,0.45,0.5,0.53,0.54,0.42,0.61,0.45,0.44,0.55,0.48,0.45
2480,0.47,0.51,0.53,0.48,0.52,0.48,0.56,0.5,0.5,0.56,0.49,0.55,0.48,0.53,0.49,0.62,0.54,0.54,0.49,0.52,0.48,0.5,0.54,0.61,0.53,0.52,0.58,0.49,0.41,0.5
2500,0.55,0.56,0.53,0.46,0.51,0.51,0.44,0.53,0.53,0.55,0.5,0.55,0.47,0.53,0.44,0.46,0.49,0.5,0.43,0.44,0.48,0.58,0.54,0.56,0.49,0.46,0.46,0.48,0.49,0.53
2520,0.43,0.43,0.52,0.58,0.44,0.55,0.57,0.49,0.51,0.59,0.52,0.53,0.55,0.45,0.56,0.5,0.46,0.56,0.46,0.55,0.49,0.54,0.44,0.45,0.46,0.41,0.48,0.45,0.43,0.58
2540,0.44,0.44,0.51,0.42,0.43,0.49,0.52,0.53,0.44,0.49,0.41,0.46,0.47,0.61,0.45,0.53,0.5,0.55,0.48,0.56,0.46,0.42,0.4,0.48,0.5,0.42,0.48,0.46,0.43,0.47
2560,0.51,0.48,0.54,0.48,0.53,0.52,0.45,0.58,0.53,0.53,0.55,0.43,0.48,0.48,0.43,0.46,0.52,0.41,0.5,0.44,0.47,0.47,0.45,0.48,0.45,0.5,0.43,0.45,0.49,0.52
2580,0.47,0.43,0.5,0.46,0.48,0.44,0.45,0.45,0.43,0.48,0.47,0.47,0.47,0.47,0.4,0.41,0.48,0.44,0.38,0.42,0.46,0.54,0.44,0.58,0.45,0.56,0.51,0.47,0.49,0.42
2600,0.41,0.45,0.4,0.48,0.48,0.52,0.5,0.39,0.44,0.4,0.52,0.51,0.41,0.48,0.45,0.4,0.45,0.47,0.38,0.5,0.51,0.44,0.45,0.51,0.43,0.47,0.52,0.49,0.57,0.52
2620,0.46,0.48,0.53,0.46,0.48,0.49,0.49,0.39,0.45,0.45,0.48,0.43,0.55,0.47,0.53,0.51,0.55,0.53,0.41,0.53,0.51,0.44,0.44,0.48,0.42,0.48,0.4,0.49,0.43,0.52
2640,0.37,0.48,0.41,0.5,0.41,0.45,0.47,0.37,0.53,0.39,0.48,0.49,0.38,0.48,0.49,0.46,0.47,0.42,0.38,0.42,0.44,0.34,0.49,0.4,0.42,0.52,0.54,0.52,0.33,0.54
2660,0.46,0.37,0.38,0.53,0.49,0.46,0.5,0.44,0.39,0.46,0.45,0.32,0.46,0.48,0.39,0.48,0.48,0.34,0.39,0.4,0.41,0.45,0.34,0.43,0.44,0.45,0.41,0.58,0.36,0.42
2680,0.37,0.44,0.49,0.41,0.43,0.42,0.48,0.42,0.55,0.49,0.41,0.39,0.49,0.49,0.43,0.44,0.5,0.37,0.46,0.36,0.42,0.39,0.44,0.6,0.48,0.47,0.45,0.55,0.41,0.48
2700,0.43,0.49,0.49,0.44,0.61,0.4,0.44,0.51,0.43,0.53,0.5,0.54,0.44,0.48,0.45,0.47,0.45,0.45,0.41,0.5,0.53,0.39,0.38,0.46,0.39,0.45,0.46,0.4,0.43,0.47
2720,0.49,0.47,0.44,0.47,0.4,0.39,0.55,0.48,0.49,0.44,0.39,0.41,0.46,0.5,0.43,0.47,0.44,0.47,0.48,0.54,0.49,0.46,0.4,0.43,0.55,0.43,0.43,0.41,0.45,0.32
2740,0.4,0.38,0.38,0.42,0.4,0.35,0.45,0.38,0.46,0.45,0.42,0.4,0.42,0.41,0.36,0.47,0.48,0.43,0.49,0.43,0.49,0.38,0.39,0.59,0.35,0.52,0.44,0.42,0.45,0.54
2760,0.49,0.43,0.35,0.44,0.46,0.41,0.47,0.44,0.39,0.54,0.38,0.37,0.49,0.41,0.31,0.49,0.39,0.52,0.49,0.41,0.36,0.4,0.4,0.43,0.4,0.31,0.34,0.46,0.4,0.44
2780,0.47,0.37,0.49,0.46,0.5,0.5,0.46,0.48,0.4,0.52,0.47,0.46,0.49,0.47,0.39,0.54,0.43,0.51,0.57,0.39,0.49,0.47,0.51,0.44,0.43,0.4,0.43,0.46,0.36,0.42
2800,0.5,0.5,0.46,0.49,0.4,0.54,0.49,0.43,0.51,0.56,0.41,0.51,0.47,0.37,0.49,0.47,0.5,0.46,0.47,0.48,0.42,0.44,0.47,0.52,0.49,0.51,0.45,0.47,0.57,0.41
2820,0.44,0.44,0.51,0.47,0.39,0.39,0.45,0.41,0.48,0.53,0.48,0.52,0.45,0.51,0.57,0.52,0.44,0.48,0.39,0.44,0.43,0.46,0.52,0.48,0.41,0.46,0.54,0.48,0.43,0.47
2840,0.49,0.52,0.47,0.42,0.51,0.47,0.51,0.48,0.4,0.5,0.42,0.46,0.37,0.44,0.57,0.38,0.46,0.43,0.44,0.44,0.53,0.51,0.41,0.48,0.45,0.47,0.55,0.49,0.52,0.55
2860,0.47,0.58,0.5,0.46,0.49,0.41,0.53,0.51,0.52,0.43,0.55,0.44,0.36,0.51,0.52,0.5,0.5,0.43,0.51,0.55,0.41,0.49,0.61,0.52,0.53,0.47,0.47,0.53,0.5,0.48
2880,0.52,0.55,0.49,0.48,0.48,0.51,0.49,0.37,0.52,0.44,0.51,0.54,0.46,0.43,0.54,0.47,0.56,0.44,0.48,0.56,0.51,0.53,0.54,0.52,0.56,0.49,0.55,0.48,0.59,0.51
2900,0.53,0.52,0.49,0.5,0.5,0.48,0.53,0.55,0.65,0.41,0.47,0.55,0.53,0.5,0.42,0.49,0.52,0.51,0.51,0.65,0.55,0.49,0.55,0.6,0.49,0.49,0.4,0.47,0.43,0.52
2920,0.59,0.58,0.42,0.48,0.52,0.5,0.58,0.52,0.56,0.51,0.52,0.53,0.54,0.48,0.45,0.45,0.63,0.51,0.47,0.65,0.63,0.45,0.55,0.55,0.55,0.59,0.56,0.57,0.53,0.54
2940,0.53,0.6,0.63,0.51,0.53,0.55,0.55,0.57,0.62,0.61,0.55,0.53,0.63,0.47,0.56,0.61,0.61,0.55,0.59,0.58,0.55,0.55,0.52,0.49,0.57,0.62,0.48,0.52,0.56,0.58
2960,0.56,0.52,0.59,0.6,0.58,0.55,0.63,0.53,0.54,0.63,0.56,0.58,0.65,0.52,0.58,0.56,0.63,0.5,0.64,0.68,0.55,0.66,0.53,0.54,0.62,0.59,0.47,0.55,0.59,0.57
2980,0.58,0.64,0.53,0.66,0.62,0.6,0.61,0.58,0.6,0.63,0.61,0.6,0.69,0.64,0.58,0.55,0.66,0.58,0.64,0.65,0.51,0.65,0.54,0.55,0.58,0.54,0.56,0.6,0.57,0.49
3000,0.58,0.7,0.57,0.59,0.62,0.56,0.56,0.54,0.63,0.52,0.61,0.57,0.63,0.57,0.55,0.5,0.65,0.6,0.6,0.6,0.58,0.49,0.62,0.62,0.63,0.58,0.6,0.54,0.61,0.61
3020,0.69,0.65,0.68,0.67,0.63,0.66,0.67,0.67,0.62,0.66,0.61,0.66,0.71,0.62,0.56,0.59,0.58,0.71,0.64,0.6,0.7,0.67,0.65,0.68,0.67,0.73,0.69,0.67,0.58,0.67
3040,0.72,0.81,0.61,0.59,0.76,0.66,0.71,0.64,0.58,0.7,0.63,0.72,0.72,0.63,0.68,0.64,0.63,0.65,0.64,0.65,0.66,0.74,0.69,0.68,0.63,0.67,0.63,0.66,0.66,0.64
3060,0.77,0.71,0.66,0.72,0.67,0.73,0.7,0.67,0.68,0.81,0.71,0.71,0.72,0.64,0.68,0.68,0.7,0.72,0.7,0.75,0.74,0.59,0.63,0.64,0.65,0.71,0.68,0.66,0.62,0.67
3080,0.7,0.67,0.72,0.64,0.73,0.71,0.77,0.71,0.71,0.75,0.67,0.67,0.79,0.7,0.62,0.7,0.73,0.63,0.74,0.77,0.66,0.61,0.62,0.71,0.74,0.72,0.71,0.68,0.77,0.67
3100,0.7,0.62,0.71,0.69,0.78,0.8,0.75,0.7,0.69,0.72,0.68,0.71,0.69,0.73,0.69,0.69,0.8,0.65,0.61,0.64,0.65,0.7,0.83,0.73,0.72,0.7,0.59,0.6,0.77,0.69
3120,0.67,0.7,0.74,0.7,0.76,0.72,0.73,0.65,0.73,0.76,0.66,0.78,0.76,0.75,0.69,0.72,0.77,0.76,0.73,0.67,0.71,0.73,0.84,0.72,0.81,0.69,0.7,0.76,0.69,0.75
3140,0.7,0.75,0.79,0.75,0.64,0.79,0.68,0.76,0.73,0.65,0.69,0.73,0.74,0.75,0.76,0.74,0.69,0.69,0.74,0.67,0.8,0.73,0.74,0.73,0.78,0.75,0.81,0.78,0.78,0.77
3160,0.75,0.75,0.75,0.75,0.73,0.8,0.7,0.7,0.77,0.75,0.77,0.84,0.74,0.8,0.75,0.76,0.71,0.73,0.62,0.83,0.86,0.76,0.82,0.7,0.8,0.74,0.74,0.71,0.75,0.81
3180,0.85,0.75,0.82,0.69,0.71,0.79,0.75,0.68,0.77,0.82,0.77,0.77,0.75,0.71,0.78,0.78,0.8,0.74,0.74,0.74,0.82,0.75,0.74,0.79,0.75,0.77,0.71,0.76,0.78,0.73
3200,0.81,0.76,0.71,0.76,0.74,0.72,0.81,0.68,0.8,0.72,0.72,0.69,0.7,0.68,0.77,0.77,0.85,0.77,0.74,0.78,0.76,0.74,0.83,0.79,0.77,0.73,0.68,0.76,0.82,0.8
3220,0.77,0.7,0.81,0.77,0.75,0.75,0.82,0.85,0.73,0.73,0.82,0.83,0.73,0.83,0.8,0.75,0.71,0.86,0.73,0.73,0.76,0.73,0.66,0.79,0.71,0.72,0.76,0.68,0.78,0.72
3240,0.77,0.75,0.76,0.77,0.72,0.76,0.79,0.79,0.85,0.77,0.81,0.8,0.83,0.83,0.84,0.74,0.71,0.74,0.72,0.82,0.8,0.78,0.64,0.73,0.68,0.75,0.79,0.78,0.82,0.73
3260,0.82,0.8,0.76,0.81,0.85,0.86,0.78,0.8,0.74,0.76,0.78,0.77,0.73,0.8,0.77,0.75,0.8,0.72,0.8,0.7,0.72,0.75,0.82,0.8,0.75,0.82,0.66,0.78,0.8,0.74
3280,0.75,0.74,0.87,0.82,0.81,0.72,0.81,0.77,0.9,0.75,0.82,0.85,0.79,0.78,0.87,0.73,0.8,0.79,0.82,0.79,0.76,0.84,0.72,0.85,0.81,0.81,0.75,0.84,0.81,0.8
3300,0.77,0.82,0.91,0.78,0.81,0.79,0.79,0.77,0.77,0.77,0.82,0.75,0.8,0.8,0.71,0.77,0.74,0.75,0.85,0.91,0.8,0.83,0.76,0.88,0.85,0.82,0.85,0.8,0.73,0.87
3320,0.87,0.81,0.8,0.8,0.88,0.82,0.78,0.66,0.88,0.88,0.8,0.85,0.79,0.8,0.78,0.81,0.69,0.77,0.82,0.85,0.78,0.82,0.82,0.86,0.86,0.87,0.78,0.85,0.81,0.83
3340,0.86,0.84,0.81,0.8,0.72,0.77,0.72,0.85,0.86,0.86,0.85,0.76,0.81,0.75,0.81,0.73,0.78,0.81,0.74,0.83,0.85,0.85,0.79,0.75,0.83,0.81,0.85,0.81,0.8,0.85
3360,0.76,0.81,0.86,0.82,0.85,0.77,0.8,0.83,0.85,0.86,0.82,0.84,0.83,0.81,0.91,0.89,0.79,0.73,0.84,0.87,0.85,0.81,0.74,0.8,0.75,0.84,0.85,0.86,0.73,0.88
3380,0.86,0.84,0.76,0.89,0.86,0.72,0.84,0.82,0.9,0.83,0.88,0.84,0.83,0.83,0.78,0.79,0.82,0.79,0.77,0.77,0.9,0.86,0.86,0.82,0.76,0.87,0.75,0.79,0.82,0.82
3400,0.84,0.82,0.9,0.78,0.83,0.82,0.82,0.82,0.83,0.78,0.86,0.83,0.81,0.83,0.8,0.85,0.79,0.79,0.83,0.81,0.83,0.77,0.79,0.81,0.82,0.75,0.82,0.8,0.79,0.79
3420,0.87,0.9,0.81,0.81,0.89,0.84,0.85,0.74,0.85,0.86,0.84,0.75,0.76,0.9,0.84,0.84,0.83,0.81,0.78,0.84,0.85,0.83,0.81,0.74,0.83,0.82,0.85,0.85,0.8,0.83
3440,0.8,0.82,0.9,0.83,0.79,0.84,0.84,0.81,0.88,0.85,0.87,0.8,0.88,0.8,0.83,0.87,0.88,0.75,0.83,0.76,0.89,0.89,0.77,0.89,0.82,0.82,0.85,0.83,0.76,0.91
3460,0.85,0.86,0.79,0.82,0.87,0.8,0.8,0.81,0.88,0.8,0.81,0.83,0.87,0.77,0.87,0.84,0.82,0.84,0.82,0.88,0.8,0.82,0.84,0.83,0.83,0.8,0.8,0.83,0.87,0.83
3480,0.84,0.75,0.75,0.88,0.83,0.81,0.86,0.78,0.81,0.84,0.81,0.84,0.73,0.88,0.88,0.81,0.86,0.9,0.85,0.83,0.91,0.89,0.76,0.86,0.88,0.83,0.77,0.83,0.88,0.84
3500,0.91,0.94,0.88,0.89,0.88,0.89,0.83,0.9,0.86,0.88,0.9,0.87,0.86,0.86,0.81,0.84,0.87,0.9,0.88,0.78,0.9,0.82,0.81,0.87,0.91,0.86,0.91,0.88,0.89,0.86
3520,0.85,0.88,0.81,0.92,0.85,0.89,0.83,0.82,0.88,0.84,0.85,0.91,0.91,0.85,0.83,0.89,0.89,0.87,0.89,0.83,0.85,0.86,0.86,0.82,0.83,0.79,0.86,0.86,0.93,0.87
3540,0.85,0.85,0.76,0.88,0.9,0.81,0.92,0.88,0.8,0.87,0.87,0.85,0.75,0.97,0.82,0.78,0.87,0.91,0.85,0.81,0.88,0.84,0.84,0.87,0.9,0.84,0.81,0.87,0.89,0.83
3560,0.82,0.87,0.85,0.91,0.86,0.81,0.88,0.84,0.89,0.79,0.86,0.81,0.91,0.8,0.84,0.84,0.83,0.83,0.92,0.87,0.81,0.84,0.85,0.87,0.9,0.94,0.86,0.91,0.87,0.87
3580,0.84,0.87,0.91,0.9,0.92,0.85,0.89,0.91,0.82,0.85,0.85,0.88,0.81,0.81,0.9,0.83,0.88,0.82,0.85,0.86,0.84,0.76,0.86,0.86,0.85,0.86,0.92,0.85,0.88,0.84
3600,0.83,0.85,0.9,0.86,0.83,0.81,0.85,0.87,0.8,0.83,0.91,0.87,0.82,0.87,0.84,0.85,0.83,0.87,0.85,0.87,0.84,0.84,0.85,0.87,0.89,0.85,0.91,0.86,0.89,0.92
3620,0.85,0.9,0.9,0.79,0.9,0.88,0.86,0.86,0.86,0.87,0.88,0.86,0.88,0.83,0.82,0.9,0.86,0.87,0.89,0.81,0.89,0.83,0.79,0.88,0.87,0.78,0.9,0.85,0.84,0.85
3640,0.88,0.78,0.85,0.88,0.78,0.91,0.87,0.85,0.85,0.9,0.88,0.9,0.91,0.88,0.78,0.83,0.77,0.85,0.83,0.8,0.85,0.85,0.89,0.86,0.85,0.8,0.86,0.82,0.8,0.85
3660,0.88,0.89,0.88,0.84,0.72,0.84,0.86,0.84,0.92,0.8,0.83,0.92,0.86,0.9,0.89,0.89,0.87,0.84,0.9,0.85,0.91,0.84,0.91,0.88,0.92,0.86,0.86,0.89,0.81,0.81
3680,0.85,0.86,0.82,0.9,0.88,0.94,0.87,0.88,0.83,0.82,0.87,0.91,0.84,0.9,0.9,0.89,0.87,0.87,0.86,0.9,0.84,0.88,0.86,0.92,0.89,0.81,0.91,0.82,0.88,0.88
3700,0.8,0.87,0.89,0.83,0.86,0.92,0.89,0.88,0.94,0.88,0.87,0.92,0.89,0.88,0.86,0.9,0.89,0.82,0.88,0.87,0.85,0.82,0.85,0.87,0.88,0.9,0.89,0.92,0.81,0.86
3720,0.81,0.87,0.83,0.87,0.88,0.89,0.88,0.89,0.86,0.81,0.87,0.87,0.82,0.82,0.91,0.85,0.85,0.92,0.84,0.84,0.88,0.9,0.86,0.85,0.83,0.89,0.88,0.89,0.88,0.86
3740,0.84,0.87,0.84,0.8,0.92,0.92,0.8,0.91,0.84,0.83,0.86,0.88,0.91,0.92,0.87,0.85,0.86,0.9,0.86,0.84,0.89,0.86,0.88,0.85,0.88,0.9,0.9,0.85,0.96,0.95
3760,0.91,0.86,0.88,0.91,0.86,0.88,0.86,0.87,0.84,0.8,0.85,0.87,0.89,0.9,0.9,0.91,0.86,0.91,0.83,0.88,0.92,0.86,0.88,0.9,0.84,0.87,0.87,0.85,0.88,0.9
3780,0.88,0.93,0.86,0.86,0.79,0.87,0.89,0.87,0.87,0.89,0.91,0.87,0.89,0.91,0.86,0.87,0.89,0.88,0.84,0.87,0.86,0.89,0.91,0.93,0.9,0.91,0.84,0.92,0.84,0.9
3800,0.9,0.94,0.84,0.81,0.88,0.86,0.95,0.95,0.9,0.86,0.91,0.88,0.89,0.92,0.86,0.91,0.93,0.89,0.88,0.86,0.85,0.85,0.86,0.85,0.87,0.9,0.88,0.86,0.91,0.87
3820,0.85,0.93,0.9,0.86,0.83,0.94,0.88,0.84,0.91,0.91,0.88,0.87,0.84,0.87,0.85,0.86,0.9,0.87,0.84,0.93,0.88,0.88,0.91,0.89,0.92,0.91,0.89,0.88,0.88,0.86
3840,0.83,0.92,0.92,0.87,0.83,0.92,0.9,0.93,0.88,0.84,0.88,0.93,0.83,0.84,0.94,0.83,0.85,0.89,0.83,0.91,0.86,0.85,0.92,0.87,0.89,0.88,0.89,0.85,0.88,0.93
3860,0.92,0.84,0.87,0.88,0.84,0.9,0.93,0.81,0.92,0.93,0.87,0.89,0.94,0.88,0.88,0.91,0.89,0.88,0.92,0.84,0.88,0.8,0.96,0.92,0.83,0.92,0.88,0.92,0.8,0.86
3880,0.85,0.89,0.91,0.8,0.84,0.91,0.87,0.86,0.92,0.87,0.81,0.92,0.9,0.94,0.9,0.89,0.88,0.9,0.84,0.92,0.87,0.89,0.87,0.9,0.89,0.85,0.84,0.89,0.89,0.95
3900,0.9,0.88,0.86,0.89,0.89,0.89,0.91,0.93,0.93,0.85,0.91,0.88,0.88,0.83,0.89,0.86,0.85,0.93,0.91,0.86,0.85,0.89,0.9,0.88,0.84,0.88,0.84,0.92,0.87,0.82
3920,0.89,0.87,0.88,0.9,0.87,0.89,0.92,0.86,0.89,0.89,0.88,0.9,0.88,0.84,0.81,0.94,0.91,0.84,0.89,0.86,0.94,0.85,0.9,0.9,0.9,0.85,0.9,0.9,0.93,0.86
3940,0.89,0.87,0.87,0.91,0.87,0.85,0.87,0.84,0.84,0.83,0.88,0.91,0.86,0.87,0.85,0.92,0.92,0.93,0.75,0.91,0.94,0.9,0.89,0.94,0.9,0.82,0.88,0.87,0.93,0.87
3960,0.82,0.86,0.92,0.85,0.9,0.88,0.89,0.91,0.91,0.87,0.96,0.91,0.9,0.91,0.82,0.91,0.89,0.89,0.87,0.93,0.88,0.87,0.92,0.86,0.93,0.89,0.86,0.92,0.88,0.83
3980,0.83,0.9,0.92,0.9,0.86,0.92,0.87,0.87,0.91,0.85,0.95,0.87,0.85,0.93,0.83,0.8,0.95,0.95,0.9,0.89,0.85,0.87,0.86,0.93,0.91,0.92,0.86,0.91,0.89,0.9
4000,0.92,0.84,0.9,0.86,0.91,0.89,0.84,0.92,0.9,0.87,0.86,0.94,0.94,0.93,0.85,0.91,0.92,0.94,0.87,0.86,0.86,0.89,0.88,0.86,0.89,0.85,0.84,0.93,0.84,0.9
4020,0.88,0.87,0.84,0.8,0.89,0.85,0.92,0.91,0.9,0.85,0.79,0.89,0.89,0.85,0.87,0.92,0.91,0.89,0.92,0.87,0.95,0.88,0.82,0.91,0.89,0.9,0.95,0.88,0.93,0.87
4040,0.93,0.81,0.91,0.93,0.81,0.89,0.92,0.87,0.89,0.93,0.87,0.88,0.94,0.94,0.94,0.91,0.94,0.93,0.88,0.9,0.89,0.89,0.89,0.89,0.88,0.84,0.91,0.93,0.84,0.9
4060,0.85,0.91,0.91,0.85,0.91,0.89,0.92,0.93,0.86,0.91,0.91,0.93,0.94,0.84,0.89,0.91,0.89,0.89,0.91,0.89,0.86,0.88,0.89,0.91,0.91,0.9,0.92,0.96,0.89,0.91
4080,0.89,0.83,0.83,0.9,0.9,0.88,0.91,0.84,0.85,0.89,0.91,0.87,0.9,0.91,0.92,0.92,0.9,0.92,0.88,0.88,0.9,0.95,0.88,0.93,0.88,0.9,0.86,0.86,0.91,0.88
4100,0.93,0.92,0.94,0.91,0.83,0.9,0.95,0.92,0.91,0.92,0.86,0.85,0.95,0.92,0.9,0.93,0.84,0.85,0.96,0.92,0.94,0.9,0.89,0.89,0.93,0.91,0.92,0.9,0.9,0.87
4120,0.86,0.88,0.9,0.83,0.91,0.85,0.89,0.94,0.94,0.89,0.96,0.93,0.95,0.96,0.92,0.92,0.93,0.93,0.88,0.91,0.89,0.9,0.88,0.87,0.88,0.92,0.88,0.9,0.88,0.9
4140,0.88,0.88,0.89,0.83,0.86,0.84,0.88,0.88,0.93,0.92,0.9,0.89,0.91,0.92,0.82,0.93,0.89,0.87,0.88,0.93,0.87,0.91,0.92,0.92,0.91,0.91,0.85,0.91,0.94,0.84
4160,0.86,0.92,0.88,0.9,0.87,0.96,0.85,0.93,0.87,0.91,0.9,0.83,0.91,0.94,0.92,0.86,0.88,0.93,0.85,0.87,0.93,0.87,0.94,0.9,0.92,0.88,0.91,0.91,0.94,0.93
4180,0.89,0.87,0.87,0.9,0.92,0.94,0.93,0.85,0.93,0.87,0.89,0.86,0.87,0.93,0.91,0.89,0.91,0.9,0.94,0.9,0.94,0.9,0.92,0.94,0.88,0.87,0.91,0.93,0.91,0.91
4200,0.84,0.92,0.86,0.89,0.9,0.91,0.96,0.91,0.9,0.9,0.93,0.86,0.92,0.88,0.91,0.9,0.91,0.89,0.86,0.91,0.87,0.91,0.85,0.9,0.91,0.88,0.92,0.88,0.89,0.9
4220,0.91,0.94,0.88,0.91,0.92,0.91,0.94,0.92,0.9,0.93,0.89,0.92,0.93,0.91,0.86,0.93,0.93,0.91,0.86,0.93,0.91,0.92,0.9,0.92,0.95,0.94,0.85,0.9,0.94,0.93
4240,0.93,0.94,0.88,0.92,0.92,0.89,0.9,0.87,0.91,0.95,0.91,0.94,0.87,0.9,0.92,0.91,0.92,0.93,0.86,0.97,0.88,0.94,0.93,0.9,0.89,0.91,0.88,0.91,0.95,0.83
4260,0.89,0.86,0.92,0.9,0.82,0.91,0.94,0.94,0.96,0.9,0.86,0.94,0.92,0.91,0.9,0.92,0.91,0.88,0.86,0.91,0.9,0.91,0.82,0.93,0.92,0.9,0.88,0.93,0.89,0.93
4280,0.93,0.85,0.9,0.93,0.91,0.88,0.91,0.92,0.94,0.91,0.86,0.96,0.91,0.9,0.88,0.92,0.92,0.89,0.87,0.9,0.92,0.91,0.83,0.99,0.93,0.9,0.86,0.89,0.91,0.89
4300,0.89,0.88,0.91,0.92,0.9,0.91,0.93,0.9,0.92,0.88,0.96,0.91,0.87,0.89,0.94,0.88,0.91,0.91,0.92,0.89,0.89,0.91,0.93,0.97,0.92,0.85,0.95,0.92,0.91,0.96
4320,0.89,0.89,0.89,0.95,0.9,0.89,0.94,0.89,0.92,0.96,0.95,0.91,0.9,0.94,0.93,0.94,0.88,0.92,0.9,0.87,0.89,0.92,0.89,0.87,0.88,0.95,0.87,0.91,0.88,0.91
4340,0.94,0.91,0.86,0.91,0.86,0.92,0.92,0.93,0.91,0.93,0.87,0.97,0.89,0.9,0.9,0.89,0.9,0.94,0.92,0.92,0.93,0.88,0.9,0.82,0.89,0.92,0.89,0.9,0.91,0.92
4360,0.9,0.95,0.9,0.89,0.92,0.86,0.86,0.87,0.89,0.93,0.91,0.97,0.86,0.88,0.91,0.92,0.92,0.95,0.93,0.88,0.91,0.88,0.89,0.91,0.87,0.92,0.91,0.9,0.94,0.91
4380,0.91,0.93,0.88,0.91,0.95,0.88,0.91,0.94,0.95,0.93,0.89,0.95,0.9,0.94,0.85,0.89,0.96,0.91,0.93,0.82,0.88,0.86,0.91,0.9,0.9,0.9,0.92,0.91,0.92,0.94
4400,0.88,0.94,0.93,0.91,0.95,0.91,0.93,0.86,0.93,0.92,0.83,0.91,0.89,0.96,0.88,0.95,0.91,0.89,0.91,0.89,0.92,0.92,0.89,0.92,0.94,0.92,0.92,0.94,0.97,0.91
4420,0.92,0.92,0.95,0.9,0.9,0.92,0.89,0.95,0.92,0.91,0.87,0.9,0.88,0.95,0.88,0.9,0.91,0.95,0.88,0.87,0.98,0.95,0.9,0.96,0.86,0.94,0.92,0.93,0.86,0.89
4440,0.98,0.92,0.92,0.94,0.93,0.92,0.9,0.91,0.91,0.93,0.87,0.89,0.89,0.88,0.9,0.94,0.88,0.98,0.95,0.9,0.87,0.93,0.93,0.92,0.91,0.9,0.94,0.93,0.92,0.97
4460,0.89,0.95,0.87,0.89,0.94,0.95,0.95,0.91,0.91,0.93,0.96,0.95,0.92,0.94,0.96,0.87,0.9,0.88,0.92,0.91,0.93,0.93,0.92,0.91,0.95,0.92,0.93,0.92,0.87,0.95
4480,0.93,0.92,0.93,0.94,0.89,0.93,0.91,0.89,0.94,0.91,0.95,0.96,0.92,0.9,0.94,0.91,0.97,0.87,0.91,0.89,0.9,0.89,0.92,0.91,0.95,0.9,0.89,0.92,0.92,0.91
4500,0.9,0.99,0.92,0.92,0.9,0.95,0.91,0.94,0.91,0.92,0.94,0.86,0.92,0.93,0.86,0.94,0.95,0.92,0.9,0.93,0.95,0.94,0.98,0.88,0.93,0.92,0.92,0.88,0.96,0.94
4520,0.89,0.94,0.93,0.93,0.95,0.9,0.94,0.94,0.92,0.93,0.9,0.87,0.87,0.93,0.85,0.89,0.9,0.95,0.93,0.87,0.93,0.91,0.95,0.89,0.85,0.93,0.91,0.93,0.94,0.91
4540,0.92,0.88,0.95,0.95,0.84,0.93,0.91,0.92,0.92,0.96,0.96,0.86,0.94,0.92,0.91,0.94,0.89,0.94,0.92,0.89,0.9,0.87,0.83,0.91,0.95,0.97,0.88,0.97,0.94,0.93
4560,0.93,0.95,0.93,0.95,0.96,0.9,0.93,0.92,0.9,0.94,0.88,0.93,0.95,0.94,0.95,0.95,0.94,0.93,0.96,0.93,0.93,0.91,0.91,0.95,0.93,0.91,0.9,0.94,0.95,0.94
4580,0.9,0.91,0.95,0.9,0.88,0.9,0.9,0.91,0.91,0.86,0.9,0.91,0.88,0.91,0.92,0.93,0.93,0.91,0.94,0.89,0.94,0.94,0.91,0.89,0.9,0.95,0.92,0.96,0.85,0.91
4600,0.95,0.91,0.89,0.88,0.98,0.94,0.86,0.9,0.95,0.95,0.88,0.89,0.92,0.92,0.91,0.94,0.91,0.91,0.88,0.94,0.91,0.88,0.89,0.95,0.88,0.94,0.93,0.91,0.94,0.94
4620,0.95,0.92,0.91,0.87,0.96,0.89,0.86,0.91,0.98,0.96,0.88,0.95,0.88,0.94,0.94,0.91,0.92,0.89,0.93,0.88,0.9,0.91,0.9,0.93,0.92,0.91,0.9,0.94,0.96,0.89
4640,0.94,0.99,0.92,0.94,0.89,0.98,0.93,0.9,0.94,0.96,0.93,0.92,0.93,0.96,0.93,0.95,0.93,0.88,0.93,0.93,0.9,0.92,0.92,0.92,0.92,0.97,0.89,0.91,0.98,0.9
4660,0.95,0.94,0.92,0.91,0.93,0.95,0.93,0.91,0.92,0.94,0.92,0.95,0.96,0.95,0.94,0.92,0.92,0.97,0.89,0.97,0.91,0.9,0.93,0.93,0.94,0.95,0.88,0.97,1,0.9
4680,0.88,0.93,0.91,0.96,0.95,0.9,0.93,0.88,0.89,0.92,0.94,0.91,0.92,0.95,0.91,0.88,0.93,0.97,0.92,0.94,0.91,0.92,0.91,0.94,0.95,0.9,0.9,0.89,0.96,0.94
4700,0.91,0.88,0.92,0.9,0.94,0.92,0.88,0.94,0.9,0.87,0.8,0.94,0.9,0.93,0.9,0.91,0.93,0.9,0.94,0.85,0.9,0.89,0.91,0.96,0.95,0.93,0.94,0.93,0.92,0.92
4720,0.92,0.96,0.94,0.94,0.96,0.93,0.94,0.91,0.93,0.9,0.83,0.95,0.93,0.9,0.89,0.95,0.9,0.87,0.93,0.9,0.9,0.95,0.93,0.91,0.94,0.92,0.94,0.94,0.95,0.88
4740,0.92,0.95,0.92,0.93,0.9,0.9,0.95,0.91,0.9,0.93,0.97,0.92,0.95,0.92,0.92,0.89,0.92,0.97,0.95,0.93,0.93,0.95,0.94,0.97,0.92,0.95,0.92,0.95,0.86,0.97
4760,0.93,0.92,0.92,0.93,0.87,0.93,0.93,0.9,0.92,0.94,0.9,0.92,0.9,0.91,0.93,0.9,0.98,0.91,0.93,0.9,0.92,0.91,0.91,0.89,0.9,0.93,0.89,0.9,0.92,0.98
4780,0.96,0.92,0.91,0.92,0.93,0.96,0.93,0.92,0.94,0.96,0.94,0.94,0.94,0.96,0.93,0.95,0.93,0.88,0.89,0.96,0.94,0.91,0.94,0.95,0.95,0.94,0.91,0.96,0.94,0.97
4800,0.91,0.92,0.89,0.92,0.92,0.9,0.96,0.9,0.92,0.93,0.87,0.94,0.9,0.95,0.94,0.94,0.97,0.85,0.95,0.89,0.95,0.93,0.96,0.94,0.92,0.87,0.93,0.93,0.93,0.93
4820,0.95,0.91,0.96,0.87,0.95,0.95,0.89,0.93,0.91,0.89,0.94,0.93,0.93,0.91,0.86,0.93,0.93,0.97,0.9,0.93,0.87,0.96,0.9,0.85,0.94,0.9,0.91,0.92,0.91,0.92
4840,0.9,0.87,0.94,0.92,0.9,0.92,0.95,0.92,0.95,0.96,0.95,0.89,0.95,0.94,0.95,0.97,0.93,0.9,0.97,0.91,0.89,0.91,0.94,0.87,0.97,0.94,0.96,0.98,0.94,0.92
4860,0.91,0.93,0.92,0.91,0.94,0.93,0.9,0.91,0.91,0.94,0.92,0.93,0.94,0.91,0.96,0.97,0.95,0.96,0.95,0.88,0.95,0.91,0.91,0.93,0.9,0.93,0.93,0.97,0.96,0.92
4880,0.91,0.93,0.95,0.94,0.94,0.94,0.91,0.93,0.93,0.9,0.94,0.91,0.94,0.89,0.88,0.96,0.94,0.91,0.94,0.92,0.92,0.91,0.95,0.92,0.93,0.88,0.93,0.96,0.93,0.91
4900,0.95,0.96,0.96,0.95,0.94,0.96,0.95,0.91,0.93,0.97,0.94,0.97,0.95,0.92,0.93,0.88,0.93,0.93,0.94,0.91,0.93,0.97,0.94,0.93,0.96,0.96,0.91,0.87,0.93,0.94
4920,0.92,0.91,0.94,0.91,0.93,0.95,0.94,0.95,0.95,0.94,0.89,0.93,0.93,0.94,0.97,0.95,0.94,0.87,0.94,0.94,0.89,0.91,0.91,0.9,0.91,0.96,0.89,0.97,0.94,0.9
4940,0.92,0.93,0.94,0.91,0.97,0.97,0.91,0.92,0.91,0.92,0.97,0.92,0.93,0.91,0.89,0.92,0.94,0.9,0.95,0.97,0.92,0.87,0.92,0.94,0.94,0.91,0.91,0.9,0.96,0.94
4960,0.96,0.94,0.93,0.9,0.92,0.92,0.9,0.96,0.91,0.95,0.95,0.93,0.93,0.87,0.96,0.97,0.95,0.97,0.91,0.91,0.96,0.86,0.95,0.93,0.9,0.97,0.95,0.91,0.95,0.91
4980,0.94,0.95,0.94,0.91,0.9,0.94,0.96,0.92,0.94,0.96,0.92,0.98,0.93,0.9,0.93,0.93,0.94,0.92,0.92,0.91,0.97,0.95,0.93,0.92,0.94,0.97,0.96,0.94,0.95,0.92
5000,0.92,0.94,0.94,0.95,0.94,0.94,0.93,0.94,0.88,0.91,0.98,0.95,0.95,0.95,0.91,0.93,0.93,0.92,0.88,0.95,0.9,0.96,0.9,0.96,0.84,0.91,0.99,0.91,0.95,0.91
5020,0.95,0.93,0.9,0.96,0.94,0.93,0.93,0.91,0.94,0.96,0.96,0.92,0.96,0.92,0.96,0.94,0.88,0.94,0.94,0.93,0.93,0.97,0.95,0.95,0.96,0.89,0.97,0.95,0.98,0.94
5040,0.93,0.89,0.86,0.97,0.97,0.96,0.98,0.94,0.9,0.95,0.94,0.91,0.94,0.89,0.96,0.9,0.94,0.95,0.93,0.97,0.89,0.97,0.89,0.87,0.92,0.93,0.92,0.98,0.97,0.92
5060,0.97,0.95,0.97,0.97,0.93,0.98,0.96,0.97,0.93,0.96,0.9,0.89,0.98,0.96,0.95,0.97,0.94,0.93,0.97,0.98,0.88,0.96,0.98,0.93,0.95,0.92,0.91,0.91,0.96,0.94
5080,0.94,0.95,0.92,0.96,0.92,0.95,0.96,0.94,0.95,0.97,0.92,0.93,0.94,0.93,0.9,0.97,0.96,0.94,0.95,0.91,0.92,0.93,0.9,0.94,0.95,0.89,0.92,0.92,0.93,0.97
5100,0.92,0.93,0.94,0.91,0.94,0.94,0.92,0.93,0.94,0.95,0.97,0.91,0.94,0.93,0.92,0.95,0.92,0.91,0.97,0.94,0.94,0.97,0.95,0.97,0.91,0.92,0.95,0.97,0.93,0.93
5120,0.96,0.89,0.95,0.95,0.94,0.94,0.88,0.92,0.89,0.9,0.94,0.9,0.89,0.98,0.94,0.9,0.95,0.93,0.99,0.92,0.9,0.93,0.93,0.94,0.94,0.97,0.91,0.98,0.94,0.98
5140,0.91,0.98,0.95,0.97,0.94,0.95,0.95,0.97,0.91,0.97,0.89,0.94,0.94,0.95,0.94,0.97,0.91,0.96,0.92,0.95,0.93,0.98,0.93,0.94,1,0.99,0.94,0.92,0.94,0.95
5160,0.95,0.9,0.93,0.89,0.89,0.91,0.98,0.94,0.95,0.93,0.97,0.94,0.95,0.96,0.93,0.92,0.97,0.94,0.91,0.94,0.96,0.93,0.89,0.95,0.92,0.9,0.89,0.93,0.85,0.96
5180,0.96,0.91,0.92,0.93,0.96,0.92,0.94,0.94,0.94,0.93,0.97,0.95,0.92,0.97,0.89,0.89,0.95,0.96,0.92,0.89,0.9,0.88,0.95,0.92,0.96,0.97,0.94,0.97,0.96,0.95
5200,0.95,0.92,0.9,0.97,0.91,0.9,0.95,0.95,0.94,0.96,0.93,0.94,0.96,0.9,0.95,0.95,0.94,0.96,0.97,0.95,0.94,0.95,0.94,0.98,0.95,0.93,0.92,0.94,0.96,0.9
5220,0.95,0.9,0.95,0.95,0.91,1,0.96,0.89,0.91,0.91,0.95,0.95,0.95,0.93,0.87,0.87,0.98,0.9,0.93,0.97,0.91,0.88,0.97,0.96,0.93,0.92,0.89,0.89,0.97,0.88
5240,0.9,0.96,0.96,0.96,0.94,0.92,0.97,0.99,0.88,0.95,0.97,0.97,0.96,0.98,0.9,0.94,0.92,0.94,0.92,0.98,0.88,0.96,0.93,0.95,0.99,0.97,0.93,0.96,0.99,0.96
5260,0.92,0.95,0.93,0.94,0.92,0.9,0.95,0.92,0.94,0.95,0.93,0.96,0.94,0.98,0.97,0.95,0.92,0.89,0.96,0.91,0.96,0.97,0.95,0.98,0.93,0.96,0.95,0.9,0.98,0.95
5280,0.93,0.86,0.89,0.94,0.97,0.94,0.92,0.94,0.89,0.94,0.92,0.91,0.93,0.92,0.96,0.97,0.93,0.93,0.94,0.92,0.97,0.93,0.92,0.94,0.99,0.95,0.96,0.95,0.97,0.96
5300,0.92,0.96,0.94,0.93,0.94,0.92,0.93,0.92,0.92,0.92,0.93,0.93,0.94,0.99,0.94,0.91,0.93,0.95,0.94,0.98,0.96,0.95,0.88,0.98,0.97,0.98,0.95,0.9,0.93,0.9
5320,0.97,0.97,0.95,0.96,0.96,0.94,0.97,0.95,0.98,0.93,0.95,0.93,0.95,0.96,0.96,0.9,0.91,0.93,0.92,0.93,0.94,0.95,0.97,0.95,0.93,0.96,0.93,0.95,0.93,0.91
5340,0.9,0.96,0.92,0.92,0.95,0.92,0.95,0.96,0.91,0.95,0.91,0.95,0.91,0.92,0.95,0.96,0.96,0.97,0.95,0.95,0.94,0.95,0.91,0.89,0.92,0.97,0.96,0.91,0.94,0.95
5360,0.95,0.93,0.97,0.95,0.94,0.92,0.88,0.95,0.91,0.94,0.95,0.94,0.93,0.97,0.93,0.91,0.97,0.96,0.9,0.95,0.92,0.95,0.94,0.95,0.94,0.92,0.93,0.93,0.93,0.97
5380,0.92,0.97,0.95,0.94,0.95,0.97,0.93,0.92,0.93,0.96,0.96,0.93,0.94,0.91,0.95,0.91,0.96,0.93,0.92,0.96,0.96,0.98,0.9,0.95,0.96,0.95,0.95,0.95,0.9,0.98
5400,0.93,0.96,0.93,0.92,0.93,0.94,0.93,0.95,0.96,0.95,0.96,0.93,0.91,0.91,0.91,0.91,0.93,0.97,0.92,0.96,0.95,0.94,0.94,0.95,0.92,0.95,0.97,0.87,0.95,0.96
5420,0.94,0.86,0.95,0.91,0.95,0.93,0.94,0.92,0.96,0.98,0.96,0.97,0.95,0.92,0.93,0.92,0.96,0.92,0.94,0.91,0.96,0.94,0.96,0.96,0.97,0.98,0.98,0.9,0.94,0.92
5440,0.94,0.92,0.94,0.94,0.93,0.93,0.98,0.97,0.92,0.92,0.95,0.93,0.98,0.93,0.98,0.96,0.91,0.96,0.96,0.9,0.91,0.94,0.96,0.91,0.97,0.93,0.92,0.92,0.95,0.97
5460,0.96,0.94,0.9,0.92,0.93,0.94,0.9,0.91,0.96,0.96,0.94,0.96,0.92,0.96,0.96,0.9,0.98,0.91,0.97,0.97,0.91,0.94,0.94,0.88,0.91,0.94,0.95,0.96,0.94,0.98
5480,0.98,0.94,0.92,0.92,0.94,0.94,0.94,0.94,0.91,0.93,0.96,0.88,0.96,0.95,0.93,0.98,0.92,0.94,0.91,0.94,0.95,0.93,0.96,0.9,0.93,0.93,0.99,0.92,0.97,0.93
5500,0.96,0.91,0.95,0.95,0.98,0.97,0.97,0.99,0.89,0.94,0.95,0.93,0.95,0.95,0.94,0.98,0.93,0.95,0.95,0.98,0.95,0.92,0.97,0.93,0.93,0.93,0.93,0.91,0.94,0.99
5520,0.94,0.91,0.93,0.9,0.96,0.98,0.93,0.95,0.9,0.91,0.93,0.94,0.93,0.95,0.94,0.93,0.92,0.91,0.94,0.95,0.94,0.96,0.95,0.93,0.97,0.98,0.94,0.95,0.95,0.91
5540,0.95,0.94,0.93,0.93,0.98,0.93,0.94,0.96,0.93,0.94,0.96,0.96,0.96,0.95,0.98,0.93,0.92,0.93,0.9,0.9,0.92,0.92,0.94,0.95,0.89,0.94,0.92,0.97,0.94,0.94
5560,0.98,0.95,0.96,0.95,0.9,0.95,0.96,0.95,0.93,0.92,0.99,0.93,0.93,0.93,0.97,0.95,0.95,0.92,0.94,0.96,0.93,0.95,0.96,0.93,0.96,0.91,0.96,0.98,0.94,0.93
5580,0.96,0.95,0.94,0.91,0.98,0.92,0.93,0.96,0.92,0.96,0.96,0.96,0.88,0.95,0.96,0.95,0.93,0.91,0.89,0.95,0.98,0.88,0.94,0.95,0.92,0.95,0.92,0.94,0.97,0.98
5600,0.89,0.97,0.92,0.96,0.93,0.96,0.94,0.89,0.97,0.94,0.93,0.93,0.97,0.94,0.99,0.95,0.91,0.93,0.95,0.95,0.92,0.95,0.94,0.98,0.93,0.91,0.93,0.94,0.92,0.97
5620,0.98,0.92,0.91,0.95,0.95,0.92,0.97,0.97,0.94,0.96,0.91,0.96,0.97,0.96,0.94,0.96,0.97,0.97,0.98,0.94,0.87,0.95,0.95,0.97,0.96,0.94,0.96,0.96,0.91,0.95
5640,0.97,0.97,0.96,0.91,0.94,0.94,0.91,0.95,0.95,0.94,0.93,0.91,0.95,0.9,0.97,0.91,0.95,0.94,0.96,0.95,0.93,0.96,0.92,0.97,0.94,0.95,0.9,0.96,0.96,0.91
5660,0.96,0.93,0.94,0.97,0.94,0.95,0.96,0.96,0.94,0.98,0.96,0.94,0.96,0.9,0.95,0.96,0.93,0.95,0.95,0.92,0.93,0.93,0.97,0.92,0.96,0.93,0.94,0.96,0.95,0.93
5680,0.94,0.96,0.87,0.93,0.94,0.95,0.95,0.91,0.9,0.97,0.96,0.96,0.95,0.92,0.95,0.97,0.96,0.94,0.96,0.93,0.97,0.92,0.94,0.96,0.9,0.91,0.95,0.95,0.95,0.97
5700,0.95,0.91,0.94,0.96,0.94,0.94,0.97,0.96,1,0.99,0.96,1,0.93,0.9,0.94,0.88,0.95,0.93,0.94,0.95,1,0.96,0.93,0.92,0.95,0.99,0.94,0.96,0.96,0.97
5720,0.92,0.98,0.96,0.9,0.93,0.95,0.9,0.93,0.98,0.92,0.96,0.93,0.89,0.96,0.92,0.9,0.96,0.95,0.94,0.96,0.94,0.92,0.96,0.96,0.94,0.91,0.99,0.97,0.9,0.97
5740,0.93,0.92,0.95,0.97,0.95,0.95,0.93,0.97,0.97,0.94,0.93,0.99,0.95,0.93,0.91,0.89,0.9,0.96,0.94,0.97,0.97,0.93,0.91,0.98,0.92,0.92,0.94,0.92,0.95,0.96
5760,0.9,0.98,0.93,0.94,0.97,0.96,0.95,0.92,0.94,0.97,0.95,0.96,0.94,0.96,0.86,0.93,0.97,0.93,0.94,0.95,0.98,0.93,0.91,0.93,0.96,0.94,0.95,0.94,0.93,0.94
5780,0.95,0.97,0.98,0.94,0.96,0.94,0.97,0.96,1,0.91,0.95,0.97,0.93,0.98,0.96,0.94,0.97,0.95,0.93,0.93,0.95,0.96,0.92,0.95,0.96,0.91,0.94,0.88,0.94,0.94
5800,0.93,0.94,0.94,0.93,0.94,0.86,0.93,0.87,0.93,0.95,0.96,0.97,0.96,0.93,0.94,0.96,0.96,0.94,0.95,0.96,0.97,0.97,0.91,0.92,0.96,0.92,0.99,0.91,0.96,0.96
5820,0.96,0.96,0.92,0.95,0.94,0.96,0.95,0.96,0.94,0.93,0.95,0.97,0.96,0.96,0.97,0.96,0.99,0.92,0.95,0.96,0.93,0.92,0.95,0.95,0.93,0.96,0.95,0.86,1,0.94
5840,0.95,0.94,0.96,0.97,0.93,0.98,0.96,0.91,0.93,0.91,0.93,0.99,0.98,0.95,0.91,0.95,0.97,0.96,0.95,0.92,0.97,0.94,0.96,0.94,0.95,0.95,0.96,0.96,0.95,0.95
5860,0.96,0.97,0.93,0.94,0.95,0.96,0.94,0.92,0.93,0.94,0.92,0.94,0.93,0.96,0.99,0.98,0.92,0.93,0.95,0.95,0.97,0.94,0.96,0.92,0.89,0.96,0.97,0.93,1,0.95
5880,0.96,0.95,0.97,0.95,0.95,0.94,0.92,0.97,0.93,0.95,0.95,0.96,0.93,0.98,0.95,0.95,0.94,0.94,0.95,0.96,0.96,0.95,0.96,0.95,0.96,0.98,0.97,0.9,0.98,0.98
5900,0.96,0.96,0.93,0.98,0.93,0.97,0.95,0.96,0.94,0.95,0.96,0.96,0.96,0.89,0.97,0.97,0.89,0.94,0.95,0.93,0.91,0.91,0.93,0.95,0.97,0.95,0.97,0.99,0.97,0.92
5920,0.96,0.97,0.97,0.91,0.94,0.95,0.94,0.96,0.98,0.91,0.95,0.97,0.91,0.96,0.96,0.95,0.93,0.97,0.93,0.98,0.93,0.95,0.96,0.95,0.93,0.94,0.97,0.93,0.96,0.94
5940,0.98,0.97,0.94,0.93,0.96,0.91,0.96,0.98,0.95,0.93,0.96,0.94,0.97,0.98,0.91,0.94,0.96,0.96,0.97,0.91,0.97,0.94,0.95,0.96,0.92,0.97,0.94,0.93,0.95,0.96
5960,0.96,0.98,0.96,0.94,0.96,0.93,0.94,0.94,0.97,0.93,0.97,0.96,0.92,0.92,0.95,0.98,0.95,0.93,0.96,0.92,0.95,0.96,0.9,0.93,0.96,0.92,0.96,0.97,0.96,0.92
5980,0.94,0.97,0.94,0.94,0.95,0.96,0.97,0.96,0.94,0.96,0.95,0.91,0.97,0.96,0.98,0.93,0.95,0.95,0.96,0.98,0.96,0.97,0.98,0.96,0.97,0.95,0.96,0.94,0.96,0.98
6000,0.94,0.91,0.95,0.96,0.95,0.98,0.98,0.93,0.98,0.95,0.94,0.91,0.96,0.95,0.98,0.97,0.98,0.95,0.95,0.97,0.95,0.97,0.96,0.93,0.96,0.89,0.94,0.98,0.96,0.98
6020,0.98,0.97,0.95,0.99,0.97,0.96,0.94,0.98,0.94,0.95,0.92,0.94,0.97,0.98,0.96,0.96,0.93,0.96,0.95,0.95,0.95,0.94,0.95,0.95,0.9,0.94,0.98,0.91,0.93,0.92
6040,0.95,0.93,0.95,0.92,0.92,0.94,0.91,0.98,0.95,0.94,0.94,0.98,0.91,0.9,0.94,0.96,0.91,0.91,0.95,0.96,0.95,0.92,0.93,0.96,0.92,0.92,0.96,0.93,0.92,0.93
6060,0.96,0.94,0.99,0.97,0.97,0.95,0.91,0.97,0.92,0.93,0.97,0.94,0.95,0.94,0.97,0.93,0.92,0.96,0.98,0.97,0.96,0.93,0.96,0.97,0.96,0.96,0.96,0.94,0.97,0.94
6080,0.97,0.91,0.97,0.97,0.94,0.97,0.95,0.91,0.97,0.94,0.92,0.96,0.97,0.98,0.97,0.95,0.99,0.97,0.98,0.96,0.95,0.94,0.92,0.99,0.98,0.95,1,0.94,0.96,0.97
6100,0.96,0.93,0.95,0.95,0.93,0.97,0.95,0.93,0.93,0.94,0.99,0.98,0.9,0.91,0.98,0.9,0.96,0.94,0.91,0.94,0.92,0.95,0.97,0.89,0.95,0.96,0.94,0.94,0.91,0.98
6120,0.96,0.9,0.95,0.94,0.95,0.98,0.93,0.86,0.95,0.95,0.96,0.92,1,0.92,0.97,0.97,0.94,0.97,0.96,0.93,0.97,0.96,0.94,0.94,0.96,0.94,0.96,1,0.94,1
6140,0.92,0.93,0.95,0.93,0.94,0.91,0.94,0.95,0.97,0.97,0.96,0.97,0.94,0.95,0.91,0.93,0.97,0.93,0.97,0.94,0.97,0.97,0.93,0.93,0.97,0.97,0.95,0.92,0.93,0.96
6160,0.92,0.95,0.95,0.89,0.94,0.93,0.94,0.94,0.93,0.93,0.98,0.95,0.95,0.95,0.97,0.93,0.93,0.97,0.95,0.96,0.96,0.99,0.96,0.96,0.91,0.94,0.97,0.95,0.95,0.94
6180,0.97,0.94,0.97,0.94,0.95,0.94,0.97,0.97,0.95,0.98,0.93,0.93,0.98,0.92,0.97,0.94,0.96,0.96,0.93,0.95,0.94,0.96,0.95,0.97,0.95,0.97,0.96,0.94,0.96,0.94
6200,0.97,0.93,0.93,0.93,0.95,0.98,0.97,0.94,0.95,0.96,0.93,0.96,0.93,0.96,0.98,0.94,0.93,0.94,0.95,0.96,0.94,0.94,0.97,0.93,0.97,0.97,0.96,0.95,0.93,0.96
6220,0.93,0.98,0.94,0.98,0.95,0.96,0.98,0.95,0.96,0.94,0.96,0.97,0.93,0.94,0.96,0.94,0.88,0.95,0.94,0.96,0.93,0.95,0.96,0.91,0.95,0.97,0.93,0.96,0.96,0.95
6240,0.97,0.97,0.91,0.96,0.95,0.96,0.96,0.94,0.96,0.98,0.96,0.89,0.93,0.93,0.98,0.93,0.94,0.96,0.96,0.93,0.91,0.99,0.94,0.97,0.98,0.93,0.88,0.94,0.96,0.96
6260,0.94,0.93,0.96,0.99,0.95,0.99,0.97,0.95,0.94,0.98,0.94,0.99,0.95,0.97,0.97,0.97,0.96,0.98,0.97,0.97,0.99,0.96,0.95,0.94,0.91,0.95,0.9,0.97,0.97,0.93
6280,0.95,0.88,0.95,0.95,0.95,0.93,0.95,0.87,0.97,0.94,0.9,0.95,0.96,0.93,0.95,0.97,0.9,0.96,0.91,0.96,0.95,0.95,0.93,0.96,0.97,0.92,0.97,0.98,0.98,0.97
6300,0.95,0.97,0.94,0.93,0.96,0.96,0.94,0.95,0.96,0.95,0.94,1,0.94,0.91,0.96,0.94,0.97,0.92,0.99,0.9,0.9,0.96,0.95,0.97,0.96,0.94,0.95,0.92,0.94,0.92
6320,0.98,0.89,0.96,0.92,0.96,0.96,0.99,0.95,0.98,0.96,0.94,0.96,0.96,0.93,0.99,0.95,0.96,0.94,0.97,0.98,0.96,0.95,0.92,0.96,0.98,0.94,0.94,0.94,0.96,0.92
6340,0.93,0.96,0.89,0.98,0.96,0.97,0.92,1,0.96,0.96,0.98,0.97,0.95,0.97,0.96,0.97,0.97,0.95,0.93,0.96,0.95,0.96,0.97,0.98,0.98,0.95,0.95,0.98,0.97,0.94
6360,0.96,0.93,0.95,0.95,0.86,0.94,0.98,0.96,0.93,1,0.95,0.97,0.91,0.94,0.95,0.99,0.95,0.95,1,0.95,0.95,0.94,0.93,0.94,0.96,0.96,0.95,0.98,0.94,0.98
6380,0.97,0.92,0.94,0.94,0.96,0.93,0.98,0.93,0.95,0.97,0.97,0.95,0.98,0.93,0.99,0.96,0.94,0.94,0.94,0.97,0.99,0.93,0.96,0.95,0.98,0.97,0.96,0.94,0.93,0.97
6400,0.95,0.95,0.92,0.91,0.98,0.97,0.93,0.99,0.95,0.95,0.95,0.98,0.97,0.97,0.96,0.95,0.99,0.93,0.95,0.95,0.98,0.94,0.95,0.97,1,0.95,0.98,0.97,0.97,0.98
6420,0.94,0.98,0.97,0.94,0.94,0.97,0.94,0.95,0.88,0.94,0.94,0.98,0.97,0.95,0.94,0.98,0.95,0.96,0.93,0.98,0.93,0.94,0.96,0.97,0.95,0.98,0.92,0.99,0.94,0.96
6440,0.96,0.92,0.97,0.97,0.96,0.98,0.96,0.92,0.92,0.97,0.91,0.92,0.94,0.96,1,0.96,0.93,0.97,0.94,0.95,0.94,0.94,0.96,0.97,0.97,0.97,0.97,0.95,0.94,0.98
6460,0.94,0.97,0.97,0.95,0.99,0.93,0.95,0.95,0.97,0.91,0.96,0.96,0.96,0.93,0.95,0.95,0.98,0.95,0.94,0.97,0.9,0.99,0.94,0.97,0.97,0.97,0.89,0.97,0.97,0.99
6480,0.98,0.96,0.96,0.94,0.92,0.97,0.95,0.94,0.95,0.95,0.94,0.98,0.99,0.94,0.9,0.95,0.96,0.96,0.95,0.97,0.97,0.91,0.94,0.97,0.96,0.97,0.96,0.93,0.95,0.93
6500,0.92,0.92,0.97,0.93,0.95,0.98,0.88,0.91,0.97,0.94,0.96,0.97,0.98,0.91,0.92,0.96,0.98,0.95,0.96,0.97,0.92,0.97,0.93,0.95,0.92,0.92,0.95,0.97,0.98,0.93
6520,0.96,0.97,0.96,0.97,0.96,0.98,0.95,0.92,0.95,0.95,0.96,0.96,0.98,0.95,1,0.98,0.95,0.97,0.94,0.96,0.93,0.98,0.97,0.96,0.97,0.95,0.96,0.94,0.92,0.93
6540,0.92,0.96,0.95,0.96,0.96,0.92,0.97,0.98,0.93,0.96,0.98,0.97,0.99,0.94,0.92,0.93,0.95,0.95,0.99,0.95,0.96,0.96,0.98,0.94,0.96,0.96,0.97,0.92,0.96,1
6560,0.89,0.98,0.98,0.95,0.95,0.96,0.95,0.98,0.98,0.96,0.96,0.97,0.96,0.96,0.97,0.97,0.95,0.89,0.98,0.96,0.97,0.98,0.96,0.96,0.97,0.94,0.94,0.95,0.96,0.97
6580,0.92,0.95,0.95,0.95,0.96,0.93,0.95,0.94,0.96,0.94,0.99,0.98,0.96,0.98,0.95,0.97,0.97,0.97,0.96,0.96,0.96,0.92,0.96,0.92,0.95,0.95,0.94,0.94,0.92,0.96
6600,0.98,0.94,0.98,0.97,0.96,0.96,0.99,0.97,0.96,0.97,0.98,0.97,0.95,0.95,0.96,0.98,0.97,1,0.98,0.99,0.95,0.97,0.95,0.97,0.98,0.96,1,0.96,0.97,0.99
6620,0.97,0.97,0.96,0.98,0.96,0.98,0.95,0.92,0.99,0.98,0.98,0.99,0.93,0.96,0.98,0.96,0.97,0.96,0.99,0.91,0.96,0.95,0.97,0.99,0.95,0.97,0.97,0.96,0.98,0.99
6640,0.97,0.96,0.98,0.97,0.93,0.92,0.98,0.98,0.96,0.95,0.96,0.96,0.94,0.97,0.98,0.94,0.99,0.94,0.96,0.93,0.97,0.93,0.98,0.9,0.92,0.97,0.96,0.97,0.93,0.98
6660,0.96,0.96,0.93,0.98,0.95,0.93,0.96,0.95,0.98,0.92,0.93,0.93,0.96,0.94,0.95,0.94,0.97,0.95,0.98,0.97,0.92,0.94,0.97,0.93,0.95,0.99,0.97,0.96,0.94,0.97
6680,0.95,0.93,0.94,0.98,0.96,0.99,0.96,0.95,0.96,0.95,0.96,0.94,0.97,0.95,0.96,0.93,0.96,0.95,0.96,0.95,0.96,0.93,0.97,0.94,0.95,0.96,0.97,0.96,0.97,0.94
6700,0.93,0.96,0.93,0.96,0.96,0.96,0.98,0.97,0.96,0.96,0.97,0.97,0.94,0.98,0.98,0.98,0.99,0.96,0.99,0.95,0.99,0.97,0.97,0.97,0.98,0.96,0.95,0.98,0.96,0.97
6720,0.97,0.93,0.92,0.95,0.95,0.95,0.92,0.95,0.91,0.99,0.99,0.97,0.94,0.97,0.93,0.96,0.98,0.98,0.96,0.93,0.96,0.96,0.95,1,0.96,0.96,0.98,0.97,0.98,0.95
6740,0.96,0.97,0.97,0.98,0.97,0.95,0.97,0.99,0.97,0.98,0.96,0.94,0.96,0.95,0.95,0.95,0.95,0.95,1,0.97,0.94,0.93,0.97,0.94,0.96,0.93,0.96,0.96,0.96,0.98
6760,0.95,0.99,0.94,0.93,0.98,0.97,0.96,0.94,0.98,0.96,0.96,0.98,0.93,0.98,0.95,0.99,0.96,0.96,0.97,0.96,0.95,0.94,0.96,0.93,0.94,0.93,0.99,0.95,0.98,0.97
6780,0.99,0.89,0.99,0.97,0.99,0.97,0.95,0.95,0.98,0.96,0.92,0.96,0.96,0.95,0.95,0.95,0.94,0.93,1,0.96,0.95,0.95,0.97,0.94,0.97,0.96,0.97,0.97,0.98,0.98
6800,0.96,0.94,0.97,0.95,0.96,0.98,0.97,0.95,0.98,0.95,0.96,0.94,0.99,0.96,0.94,0.93,0.99,0.95,0.93,0.96,0.95,0.93,0.94,0.97,0.93,0.97,0.94,0.94,0.97,0.93
6820,0.97,0.97,0.95,0.96,0.96,0.98,0.98,0.99,0.94,0.98,0.95,0.93,0.97,0.93,0.97,0.95,0.96,0.94,0.97,0.97,0.97,0.97,0.95,0.97,0.94,0.98,0.98,0.94,0.98,0.95
6840,0.97,0.97,0.97,0.95,0.98,0.95,0.91,0.95,0.97,0.93,0.96,0.96,0.94,0.96,0.93,0.95,0.95,0.99,0.93,1,0.94,0.97,0.93,0.96,0.99,0.96,0.98,0.93,0.96,0.93
6860,0.93,0.98,0.97,0.96,0.94,0.99,0.94,0.95,0.91,0.98,0.96,0.95,0.98,0.97,0.97,0.95,0.96,0.98,0.98,0.96,0.98,0.97,0.95,0.98,0.99,0.99,0.96,0.96,0.96,0.98
6880,0.95,0.94,0.95,0.95,0.97,0.97,0.97,0.96,0.97,0.94,0.96,0.98,0.99,0.95,0.89,0.95,0.97,0.94,0.98,0.98,0.97,0.97,0.96,0.93,0.97,0.93,0.96,0.93,0.97,0.97
6900,0.92,0.93,0.99,0.98,0.98,0.93,0.97,0.96,0.96,0.94,0.92,0.96,0.95,0.96,0.97,0.97,0.98,0.92,0.96,0.96,0.96,0.98,0.96,0.98,0.98,0.94,0.99,0.98,0.95,0.99
6920,0.95,0.94,0.96,0.97,1,0.97,0.95,0.97,0.95,0.96,0.95,0.93,0.97,0.95,0.95,0.99,0.96,0.97,0.96,0.95,0.95,0.96,0.93,0.94,0.97,0.91,0.96,0.99,0.98,0.95
6940,0.91,0.93,0.95,0.89,0.99,0.95,0.95,0.98,0.95,0.91,1,0.96,0.94,0.99,0.97,0.96,0.97,0.98,0.95,1,0.95,0.96,0.99,0.95,0.94,0.97,0.98,0.97,0.96,0.99
6960,0.95,0.95,0.96,0.97,0.95,0.96,0.96,0.98,0.92,0.94,0.96,0.96,0.96,0.96,0.97,0.96,0.97,0.98,0.94,0.97,0.99,0.97,0.95,0.99,0.93,0.93,0.95,0.96,0.95,0.97
6980,0.93,0.99,0.98,0.93,0.99,0.96,0.89,0.94,0.99,0.9,0.94,0.99,0.95,0.97,0.97,0.96,0.97,0.97,0.97,0.93,0.93,0.97,1,0.95,0.92,0.94,0.96,0.97,0.97,0.97
7000,0.99,0.97,1,0.98,0.96,0.97,0.97,0.98,0.95,0.98,0.94,0.98,0.97,0.94,0.96,0.98,0.99,0.96,0.99,0.97,0.97,0.98,0.96,0.97,0.94,0.98,0.95,0.96,0.94,0.98
7020,0.95,0.96,0.99,0.97,0.96,0.96,0.96,0.98,0.94,0.93,0.95,0.97,0.9,1,0.96,0.98,0.93,0.96,0.96,0.97,0.93,0.94,0.98,0.97,0.93,0.95,0.98,0.95,0.98,0.97
7040,0.98,0.98,0.99,0.99,0.97,0.96,0.98,1,0.94,0.96,0.96,0.97,0.98,0.97,0.97,0.95,0.98,0.96,0.94,0.98,0.98,0.98,0.97,0.94,0.98,0.93,0.93,0.98,0.97,0.95
7060,0.97,0.98,0.93,0.93,0.96,0.97,0.94,0.96,0.96,0.95,0.97,0.99,0.96,0.98,0.97,0.96,0.96,0.94,0.96,0.96,0.97,0.98,0.92,0.94,0.95,0.98,0.98,0.97,0.97,0.96
7080,0.96,0.98,0.98,0.93,0.97,0.94,0.99,0.98,0.95,0.99,0.98,0.96,0.93,0.97,0.99,0.94,0.98,0.98,0.96,0.98,0.94,0.95,0.98,0.93,0.98,0.93,0.95,0.95,0.97,0.94
7100,0.99,1,0.97,0.97,0.95,0.97,0.98,0.97,0.93,0.98,0.95,0.99,0.95,0.99,0.96,0.96,0.97,0.98,0.93,0.98,0.96,0.97,0.95,0.95,0.96,0.99,0.99,0.96,0.99,0.98
7120,0.95,0.98,1,0.96,0.96,0.96,0.96,0.98,0.96,0.95,0.99,0.93,0.99,0.95,0.93,0.99,0.99,0.95,0.97,0.95,0.92,1,0.97,0.95,0.97,0.94,0.96,0.98,0.97,0.99
7140,0.94,0.97,0.96,0.94,0.99,0.97,0.89,0.95,0.96,0.94,0.97,0.99,0.96,0.93,0.95,0.95,0.96,0.95,0.94,0.94,0.96,0.97,0.96,0.94,0.96,0.97,0.99,0.96,0.99,0.97
7160,0.99,0.97,0.95,0.95,0.97,0.98,0.97,0.92,0.96,0.97,0.96,0.96,0.96,0.98,0.98,0.96,0.96,0.95,0.96,0.94,0.94,0.96,0.99,0.97,1,0.92,0.94,0.96,0.96,0.95
7180,0.95,0.98,0.98,0.98,0.99,0.97,0.98,0.95,0.96,0.96,0.93,0.99,0.95,0.96,0.98,0.97,1,0.95,0.95,0.93,0.96,0.98,0.95,0.97,0.95,0.98,0.94,0.97,0.97,0.96
7200,0.96,0.96,0.98,0.97,0.99,0.96,0.96,0.98,0.97,0.99,0.97,0.95,0.95,0.97,0.98,0.95,0.95,0.95,1,0.96,0.97,0.97,0.95,0.97,0.96,0.94,0.94,0.96,0.97,0.95
7220,0.98,0.97,0.94,0.97,0.96,0.96,0.95,0.96,0.93,0.92,0.97,0.98,0.97,0.96,0.96,0.96,0.99,0.94,0.97,0.99,0.93,0.98,0.97,0.99,0.96,0.95,0.96,0.95,0.96,0.98
7240,0.97,0.96,0.99,0.95,0.97,0.99,0.96,0.96,0.97,0.98,0.96,0.93,0.98,0.96,0.97,0.89,0.96,0.95,0.96,0.95,0.99,0.97,0.98,0.96,0.93,0.98,0.98,0.93,0.9,0.97
7260,0.96,0.94,0.95,0.97,0.98,0.92,0.98,0.95,0.95,0.98,0.96,0.96,1,0.98,0.97,0.97,0.97,0.91,0.98,0.97,0.95,0.96,0.96,0.97,0.93,0.93,0.96,0.98,0.94,1
7280,0.95,0.96,0.94,0.98,0.93,0.97,0.97,0.95,0.98,0.96,0.95,0.97,0.98,0.96,0.99,0.96,0.92,0.97,1,0.98,0.97,0.97,0.95,0.97,0.97,0.98,0.94,0.97,0.99,0.97
7300,0.94,0.97,0.98,0.96,0.93,0.98,0.99,0.94,0.97,0.93,0.97,0.98,0.96,0.91,0.95,0.96,0.95,0.98,0.96,0.99,0.97,0.98,0.97,0.97,0.96,1,0.97,0.97,0.94,0.95
7320,0.94,0.94,0.98,0.95,0.93,0.97,0.99,0.94,0.95,0.99,0.95,0.99,0.98,0.98,0.94,0.94,0.96,0.97,0.96,0.99,0.99,0.94,0.96,0.96,0.95,0.97,0.96,0.99,0.95,0.98
7340,0.97,1,0.99,0.95,0.95,0.96,0.95,0.97,0.94,0.93,0.99,0.98,0.97,0.97,0.94,0.98,0.97,0.95,0.95,0.96,0.96,0.93,0.93,0.96,0.93,0.94,0.93,0.98,0.96,0.99
7360,0.97,0.97,0.98,0.96,0.99,0.95,0.98,0.95,0.97,0.99,0.98,0.96,0.99,1,0.97,0.95,0.99,0.94,0.98,0.98,0.96,0.98,0.97,0.97,0.95,0.97,0.96,0.96,0.98,0.97
7380,0.96,0.95,0.96,0.94,0.96,0.96,0.97,0.95,0.94,1,0.95,0.96,0.97,0.95,0.97,0.97,0.95,0.92,0.94,0.95,0.98,0.93,0.98,0.97,0.95,0.92,0.95,0.98,1,0.97
7400,0.89,0.99,0.97,0.96,0.95,0.96,0.94,0.97,0.96,0.98,0.98,0.97,0.99,1,0.97,0.97,0.94,0.98,0.98,0.97,0.98,0.97,0.98,0.97,0.93,0.97,0.96,0.98,0.98,0.98
7420,0.93,0.98,0.95,0.93,0.99,0.97,0.94,0.98,0.98,0.92,0.98,0.95,1,0.95,0.98,0.99,0.92,0.97,0.97,0.97,0.97,0.95,0.97,0.97,0.98,0.95,1,0.97,0.93,0.97
7440,0.99,0.97,0.92,0.96,0.96,0.95,0.98,0.97,1,0.95,0.99,0.94,0.99,0.98,0.98,0.98,0.98,0.98,1,0.97,0.97,0.96,0.96,0.98,0.99,0.97,1,0.98,0.96,0.95
7460,0.99,0.99,0.98,0.99,0.94,0.96,0.99,0.94,0.96,0.96,0.97,1,0.96,0.98,0.96,0.96,0.98,0.99,0.98,0.98,0.97,0.98,0.96,0.96,0.96,0.97,0.98,0.98,0.99,0.97
7480,0.98,0.94,0.95,0.94,0.96,0.96,0.97,0.95,0.97,0.96,0.95,0.97,0.96,0.94,0.96,0.96,1,0.95,0.97,0.97,0.96,1,0.98,0.9,0.99,0.99,0.92,0.98,0.99,0.97
7500,0.98,0.94,0.92,0.94,0.98,0.98,0.98,0.97,0.99,0.98,0.94,0.98,0.98,0.99,0.96,0.98,0.98,0.96,0.99,0.96,0.96,0.92,0.95,0.97,0.97,0.97,0.96,0.96,0.96,0.97
7520,0.93,0.95,0.93,0.96,0.99,0.98,0.96,0.94,0.98,0.97,0.95,0.96,0.94,0.94,0.97,0.94,0.99,0.99,0.98,0.98,0.96,0.97,0.94,0.96,0.99,0.99,0.95,0.98,0.95,0.92
7540,0.96,0.97,0.98,0.97,0.94,0.95,0.96,0.99,0.97,0.94,0.97,0.96,0.95,1,1,0.97,0.89,0.99,1,0.96,0.97,0.98,0.97,0.93,0.96,0.95,0.98,0.98,0.98,0.96
7560,0.98,0.95,0.96,0.98,0.96,0.97,0.96,0.96,0.95,0.99,0.98,0.98,0.99,0.97,0.96,0.99,0.94,1,0.97,0.98,0.95,0.96,0.96,0.97,0.94,0.99,0.98,0.98,0.97,0.98
7580,0.98,0.98,0.97,0.96,0.96,0.97,1,0.98,0.95,0.95,0.98,0.99,0.98,0.96,1,0.96,1,0.96,0.98,0.96,0.92,0.98,0.92,0.96,0.96,0.99,0.98,0.98,0.98,0.94
7600,1,0.95,0.97,0.99,0.98,0.97,0.94,0.99,0.96,0.96,0.98,0.99,0.96,0.94,0.99,1,0.99,0.97,0.96,0.94,0.99,0.99,0.99,0.97,0.98,0.97,0.98,0.96,0.99,0.97
7620,0.97,0.97,0.95,0.99,0.98,0.95,0.96,0.96,0.98,0.97,0.99,0.97,0.99,0.98,0.95,0.97,0.96,0.95,0.92,0.97,0.98,0.95,0.94,1,0.99,0.96,0.98,0.98,0.97,0.97
7640,0.98,0.94,0.97,1,0.94,0.95,0.98,0.98,0.96,0.98,0.98,0.97,0.95,0.98,0.93,0.96,0.98,0.93,0.95,0.95,0.97,0.99,0.98,0.99,1,0.98,0.96,0.97,0.96,0.96
7660,0.97,0.97,0.99,0.98,0.91,0.97,0.98,0.94,0.98,0.99,0.99,0.96,0.98,0.96,0.97,0.98,0.99,0.96,0.99,0.98,0.98,0.97,0.94,0.98,1,0.98,0.97,0.99,0.97,0.97
7680,0.96,0.95,0.95,0.98,0.98,0.99,0.98,0.94,0.98,0.98,0.97,0.98,0.98,0.99,0.99,0.99,0.94,0.97,0.99,0.97,0.96,1,0.96,0.98,0.99,0.96,0.97,0.97,0.96,0.98
7700,0.97,0.96,0.98,0.99,0.98,0.97,0.95,0.94,0.94,0.96,0.96,0.95,0.92,0.97,0.96,0.95,0.95,0.98,0.96,0.98,0.97,0.98,0.94,0.95,0.98,0.97,0.94,0.97,0.96,0.97
7720,0.99,0.98,0.99,0.98,0.95,0.99,0.96,0.98,0.98,0.97,0.99,0.94,0.97,0.95,0.96,0.96,0.94,0.98,0.97,0.98,0.95,0.95,0.97,0.95,0.97,0.97,0.97,0.98,0.96,0.96
7740,0.95,0.95,0.97,0.98,0.99,0.93,0.95,0.98,0.95,0.97,0.97,0.96,1,0.98,0.97,0.94,0.96,0.97,0.93,0.98,0.98,0.95,0.97,0.93,0.94,0.99,0.98,0.96,0.96,0.98
7760,0.98,0.99,0.98,0.99,0.99,0.97,0.96,0.94,0.97,0.98,0.93,0.98,0.96,0.95,0.93,0.99,0.94,0.99,0.97,0.98,0.99,0.97,0.98,0.97,0.94,0.98,0.94,0.96,0.95,0.98
7780,0.97,0.92,0.92,0.95,0.98,0.95,0.97,0.96,0.97,0.95,0.95,0.96,0.96,0.96,0.99,0.96,0.96,0.96,0.98,0.95,0.97,0.99,0.97,0.97,0.98,0.98,0.96,0.98,0.98,0.95
7800,0.97,0.99,0.96,0.99,0.97,0.98,0.97,0.96,0.98,0.99,0.99,0.96,0.96,0.96,0.98,0.94,0.99,0.97,0.97,0.95,0.99,0.99,0.97,0.97,0.92,0.95,1,1,0.96,0.98
7820,0.96,0.94,0.94,0.98,0.96,0.91,0.98,0.95,0.96,0.98,0.91,0.97,0.98,0.95,0.96,0.97,0.97,0.96,0.97,0.96,0.99,0.94,0.95,0.97,0.97,0.98,0.94,0.95,0.93,0.97
7840,0.98,0.95,0.94,0.96,0.97,0.97,0.99,0.97,0.96,0.98,0.97,0.97,0.96,0.95,0.97,0.95,0.97,0.95,0.99,0.95,0.99,0.95,0.97,0.99,0.95,0.96,0.97,0.97,0.98,0.99
7860,0.95,0.94,0.93,0.99,0.97,0.96,0.96,0.98,0.96,0.93,0.97,0.94,0.96,0.95,0.95,0.99,0.96,1,0.98,0.94,0.96,0.96,1,1,0.96,0.98,0.9,0.99,0.97,0.99
7880,0.97,1,0.97,0.97,0.98,0.95,0.95,0.95,0.94,0.98,0.96,0.96,0.97,0.97,0.95,0.98,0.97,0.94,0.94,0.95,0.94,0.94,0.95,0.95,0.99,0.95,0.97,0.98,0.96,1
7900,0.96,0.96,0.98,0.93,0.95,0.99,0.97,0.98,0.95,0.94,0.96,0.98,0.98,1,0.96,0.97,0.96,0.95,0.98,0.98,0.95,0.95,0.97,0.96,0.96,0.96,0.96,0.98,0.99,0.97
7920,0.94,0.98,1,0.93,0.95,0.94,0.98,0.94,0.98,0.98,0.99,1,0.96,0.97,0.97,0.98,0.98,0.96,0.96,0.97,0.97,0.97,0.99,0.96,0.97,0.87,1,0.95,1,0.96
7940,0.95,0.98,0.97,0.97,0.95,0.95,0.98,0.99,0.99,0.98,1,0.97,0.99,0.97,0.96,0.99,0.99,0.99,0.95,0.97,0.99,0.97,1,0.96,0.97,0.94,0.98,0.99,0.96,0.97
7960,0.94,0.96,0.97,0.98,0.99,0.93,0.97,0.94,0.97,0.95,0.98,0.98,0.97,0.96,0.96,0.96,0.99,0.98,0.94,0.97,0.97,0.94,0.97,0.97,0.96,0.97,0.97,0.99,0.98,0.96
7980,0.94,0.99,0.98,0.96,0.98,0.93,0.96,0.99,0.97,0.98,0.96,0.94,0.98,0.96,0.97,0.97,0.97,0.99,0.95,0.96,0.97,0.98,0.96,0.96,0.98,0.97,0.96,0.97,0.97,0.98
8000,0.97,0.96,0.96,0.98,0.96,0.98,0.96,0.99,0.99,0.94,0.96,0.96,0.97,0.96,0.99,0.97,0.99,0.99,0.98,0.97,0.97,0.93,0.96,0.98,0.98,0.96,0.97,0.94,0.98,0.98
8020,0.98,0.99,0.97,0.98,0.97,0.97,0.96,1,0.98,0.95,0.98,0.96,0.96,0.98,0.95,0.98,0.97,1,0.97,0.96,0.94,0.96,0.97,0.98,0.98,0.95,0.97,1,0.94,0.98
8040,0.94,0.96,0.98,0.98,0.98,0.95,0.98,0.98,0.98,0.99,0.97,0.96,0.98,0.97,0.95,1,0.96,0.97,1,0.96,0.95,0.96,0.96,0.98,0.98,0.99,0.96,0.98,0.98,0.99
8060,0.95,0.96,0.99,0.96,0.97,0.96,0.98,0.95,0.98,0.96,0.95,0.95,0.98,0.95,0.99,0.99,0.94,0.92,0.96,0.95,0.98,0.96,0.97,1,0.97,0.96,0.96,0.97,0.96,0.98
8080,0.98,0.98,0.96,0.96,0.97,0.95,0.96,0.99,0.93,0.97,0.97,0.97,0.98,1,0.98,0.97,0.97,0.97,0.98,0.95,0.97,0.95,1,0.99,0.96,0.94,0.97,0.99,0.98,0.99
8100,0.97,0.98,0.97,0.96,0.97,0.97,0.98,0.98,0.98,0.97,0.98,0.98,0.98,0.98,0.96,0.98,0.99,1,0.99,0.97,0.98,0.98,0.99,0.98,0.99,0.96,0.96,0.97,0.96,0.99
8120,0.96,0.99,0.94,0.93,0.92,0.96,0.99,0.95,0.95,0.96,0.99,1,0.98,0.98,0.96,0.97,0.97,0.97,0.98,0.95,0.95,0.97,0.95,0.98,0.98,0.95,0.98,1,0.96,0.96
8140,0.95,0.97,0.97,0.95,0.97,0.97,0.94,0.98,0.96,0.95,0.97,0.99,0.96,0.99,0.96,0.99,0.96,0.96,0.98,0.97,0.95,0.94,0.99,0.95,0.98,0.93,0.99,0.97,0.95,0.92
8160,0.97,0.97,0.98,0.95,0.95,0.99,0.97,0.96,0.96,0.96,0.95,0.95,0.99,0.98,0.98,0.99,0.94,0.97,0.97,0.97,0.93,0.94,1,0.97,0.96,0.96,0.96,0.94,0.98,0.98
8180,0.98,0.97,0.95,0.98,0.94,0.98,0.98,0.98,0.98,0.99,0.98,0.98,0.97,0.95,0.99,1,0.98,0.97,0.93,0.99,0.96,0.93,0.99,0.99,0.97,0.96,0.99,0.94,0.98,0.96
8200,0.95,1,0.98,0.95,0.96,0.96,0.94,0.98,0.97,1,0.97,0.97,0.97,0.95,0.96,0.92,0.91,0.97,0.95,0.99,0.95,0.97,0.96,0.93,1,0.96,0.98,0.98,0.99,0.97
8220,0.99,0.97,0.97,0.95,0.99,0.98,0.98,0.95,0.96,1,0.97,0.95,0.96,0.99,0.94,0.95,0.95,0.98,0.98,0.95,0.95,0.97,0.98,0.98,0.99,0.97,0.97,0.99,0.97,0.97
8240,0.98,0.95,0.99,0.93,0.96,0.97,0.94,1,0.96,0.97,1,0.94,0.98,0.97,0.97,0.96,1,0.94,0.97,0.96,0.97,0.94,0.99,0.95,0.97,0.96,0.97,0.96,0.99,0.94
8260,0.96,0.98,0.98,0.98,0.96,0.96,0.95,0.94,0.97,1,0.97,0.98,0.94,0.98,0.95,1,0.99,0.99,0.96,0.97,0.95,0.98,0.97,0.96,0.98,0.97,0.99,0.98,0.97,1
8280,0.97,0.99,0.98,0.97,0.96,0.95,0.96,1,0.98,0.98,0.95,0.97,0.97,0.97,0.99,0.97,0.99,0.97,0.96,0.99,0.98,1,0.97,0.95,0.97,0.95,0.97,0.92,0.96,0.97
8300,0.97,0.97,0.95,1,0.98,0.99,0.98,0.98,0.94,0.99,0.98,0.98,0.98,0.97,0.94,0.97,0.95,0.98,0.96,0.92,0.96,0.98,0.98,0.95,0.98,0.97,0.99,0.95,0.97,0.97
8320,0.97,0.98,0.99,0.96,0.97,0.97,1,0.97,0.97,0.96,0.96,0.95,0.97,0.96,0.96,0.95,1,0.96,0.96,0.98,1,0.95,0.96,0.95,0.97,0.98,0.98,0.96,0.99,0.96
8340,1,0.96,0.99,0.98,0.93,0.96,0.95,0.98,0.99,0.97,0.97,0.94,0.96,0.97,0.95,0.97,0.97,0.95,0.98,0.95,0.98,0.96,0.96,0.95,0.95,0.94,0.93,0.99,0.96,0.93
8360,0.95,0.98,1,0.96,0.96,0.95,0.98,0.97,0.99,0.99,0.95,1,0.96,0.98,0.97,1,0.97,0.96,0.96,0.95,1,0.97,0.98,0.97,0.97,0.98,0.95,0.91,1,0.98
8380,0.98,0.99,0.97,0.98,0.96,0.98,0.98,0.99,0.97,0.99,0.97,0.98,0.97,0.97,1,0.97,1,0.97,0.99,0.98,0.95,1,0.98,0.98,0.98,0.95,0.93,0.98,0.99,0.97
8400,0.99,0.99,0.96,0.99,0.99,0.97,0.97,0.97,0.96,0.97,0.99,0.97,0.97,0.97,0.96,0.95,0.98,0.96,0.99,0.98,0.96,0.98,0.97,0.96,0.98,0.96,0.96,0.98,0.97,0.98
8420,0.98,0.97,0.97,0.96,0.98,0.96,0.95,0.96,0.97,0.94,0.98,1,0.98,0.96,0.96,0.98,0.98,0.99,0.97,0.95,0.95,0.99,0.97,0.94,0.97,0.99,0.99,0.99,0.99,0.99
8440,0.98,0.92,0.96,0.95,0.96,0.97,0.96,0.98,0.99,0.98,0.98,0.99,0.95,0.99,0.96,0.97,0.99,0.96,0.95,0.98,0.99,0.98,0.95,0.97,0.95,0.96,0.99,0.97,0.99,0.96
8460,0.94,0.97,0.98,0.96,1,1,0.94,0.99,1,0.99,0.99,0.95,0.96,0.98,0.98,0.95,0.97,0.97,0.95,0.99,0.93,0.95,0.96,0.98,0.95,0.96,0.96,0.94,0.97,0.97
8480,0.95,0.98,0.96,0.98,0.98,0.97,0.96,0.98,0.98,0.95,0.99,0.97,0.94,0.99,1,0.98,0.99,0.95,0.97,1,0.96,0.93,0.97,0.96,0.97,0.95,0.97,0.98,0.97,0.98
8500,0.98,0.96,1,0.98,0.94,0.98,0.97,0.99,0.95,1,0.96,0.97,0.95,0.99,0.98,1,0.99,0.9,0.96,0.97,0.97,0.98,0.99,0.95,0.98,0.97,0.99,1,0.95,0.95
8520,0.98,0.96,0.98,0.99,0.99,0.95,0.98,0.99,0.94,0.95,1,0.93,0.99,0.93,0.97,0.94,0.92,0.97,0.95,0.99,0.91,0.99,0.97,0.99,0.95,0.95,0.97,0.98,0.92,0.99
8540,0.98,0.96,0.96,0.98,0.96,0.98,0.99,0.95,0.95,0.97,0.97,0.97,0.97,0.97,0.97,0.94,0.99,0.97,0.95,0.98,0.99,0.98,0.98,0.98,0.96,0.96,0.96,0.95,0.94,0.99
8560,0.95,0.98,0.97,0.99,0.99,0.98,0.97,0.95,0.96,0.97,0.99,0.98,0.96,0.99,0.97,0.98,0.97,0.96,0.96,0.98,0.97,0.99,0.96,0.96,0.98,0.98,0.97,0.96,0.93,0.97
8580,0.95,0.97,0.95,0.99,0.98,0.96,0.97,0.96,0.97,0.97,0.98,0.95,0.95,0.97,0.99,0.97,0.97,0.98,0.99,0.92,0.96,0.93,0.98,0.97,0.94,0.94,0.97,0.98,0.98,0.97
8600,0.99,0.98,0.98,1,0.99,0.96,0.98,0.97,0.94,0.98,0.99,0.95,0.92,0.97,0.96,0.97,0.97,0.99,0.98,0.98,0.96,0.99,0.93,0.98,0.95,0.96,0.96,0.97,0.93,1
8620,1,0.99,0.95,0.98,0.95,0.97,0.93,0.98,0.94,0.98,0.97,0.96,0.94,0.96,0.99,0.98,0.94,0.95,0.98,0.96,0.98,0.98,0.97,0.96,0.98,0.96,0.97,0.96,0.97,0.98
8640,0.98,0.93,0.94,0.98,0.95,0.99,0.97,0.96,0.95,0.95,0.97,0.96,0.99,0.97,0.97,0.98,0.98,0.93,0.97,0.98,0.97,0.96,1,0.96,0.96,1,0.95,0.99,0.91,0.94
8660,0.96,0.98,0.97,0.98,0.98,0.96,1,0.98,0.99,0.98,0.99,0.97,0.97,0.99,0.98,0.98,0.94,0.97,0.97,0.96,0.97,0.98,0.94,0.96,0.96,0.99,0.98,0.96,0.97,0.98
8680,0.99,0.97,0.97,0.96,0.99,0.96,0.98,0.99,0.95,0.96,0.99,0.96,0.94,0.97,0.98,0.96,0.98,0.99,0.96,0.97,0.98,0.95,0.98,0.96,0.97,0.95,0.97,0.99,0.98,0.99
8700,0.96,1,0.95,0.99,0.96,1,0.97,0.95,1,0.96,0.99,0.99,0.97,0.95,0.96,0.99,0.97,0.96,0.94,1,0.99,0.98,0.98,0.95,0.96,0.98,0.99,0.99,0.99,0.99
8720,0.96,0.97,0.97,0.97,0.95,0.97,0.98,0.96,0.94,0.94,1,0.97,0.98,0.96,0.96,0.97,0.94,0.98,0.99,0.95,0.96,1,0.98,0.96,0.98,0.95,0.99,0.96,0.99,0.97
8740,0.98,0.96,0.97,1,0.94,0.98,0.94,0.97,0.97,0.95,0.98,0.95,0.98,0.96,0.98,0.96,0.97,0.96,0.98,0.94,0.97,0.99,0.95,0.98,0.97,0.98,0.98,0.97,0.98,0.98
8760,0.97,0.96,0.98,0.99,0.99,0.98,0.98,0.94,0.96,1,0.96,0.98,0.97,1,0.98,0.99,0.97,0.93,0.96,0.98,0.99,0.99,0.99,0.95,0.96,1,0.98,0.97,0.95,0.99
8780,0.97,0.99,0.97,0.97,0.99,0.97,0.94,0.99,0.97,0.92,1,0.97,0.98,0.99,0.94,0.99,1,0.95,0.9,0.95,0.98,0.97,0.97,0.94,0.97,0.98,0.99,0.99,0.97,0.97
8800,0.99,0.93,0.95,0.95,0.98,0.97,0.98,0.98,0.99,0.97,0.99,0.96,0.96,0.94,0.95,0.96,0.94,0.98,0.97,0.99,0.96,0.97,0.96,0.97,0.99,1,0.98,0.97,0.94,1
8820,0.97,0.94,0.97,0.99,0.98,0.98,0.98,0.96,0.98,1,0.99,0.95,0.97,0.99,0.95,0.98,0.98,0.95,0.96,0.98,0.98,0.99,0.96,0.98,0.99,0.97,0.98,0.97,0.99,0.97
8840,0.98,0.99,0.96,0.97,0.98,0.96,0.96,0.99,1,0.99,0.96,0.95,0.99,0.97,0.95,0.94,0.97,0.99,0.98,0.96,1,0.99,0.98,0.98,0.97,0.95,0.98,0.96,0.96,0.97
8860,0.97,0.98,0.98,0.94,0.92,0.97,0.91,0.98,0.98,0.96,0.98,0.95,0.99,0.96,0.95,0.96,0.97,0.98,0.97,0.98,0.99,0.99,0.99,0.97,0.95,0.96,0.97,0.96,0.97,0.99
8880,0.98,0.96,0.96,0.96,0.94,0.96,0.96,0.97,0.98,0.98,0.97,1,0.94,0.97,0.96,0.99,0.98,0.98,0.96,0.96,0.97,1,0.95,0.99,0.94,0.97,0.95,0.98,0.98,0.99
8900,0.99,1,0.99,0.96,0.95,0.99,0.98,0.95,1,0.99,0.98,0.98,0.98,0.99,0.94,0.96,0.99,0.94,0.99,0.97,0.97,0.99,0.95,0.99,0.98,0.97,0.97,0.97,0.99,0.97
8920,0.99,0.97,0.96,0.96,0.97,0.96,0.96,0.99,0.95,0.97,0.93,0.98,0.96,0.98,0.97,0.99,0.98,0.95,0.98,0.98,0.97,0.98,0.97,0.96,0.93,0.96,0.95,0.95,1,0.97
8940,0.97,0.97,0.99,0.98,0.98,0.94,0.97,0.99,0.98,0.98,0.97,0.98,0.96,0.97,0.99,0.96,0.95,0.99,0.97,0.95,0.98,0.97,0.94,0.99,0.99,0.99,0.97,0.98,0.98,0.96
8960,0.98,0.97,0.98,0.97,0.99,0.97,0.96,0.97,0.94,0.99,0.99,0.98,0.94,0.96,0.98,0.97,0.98,0.98,0.97,0.99,0.99,0.96,0.95,0.92,0.97,0.97,0.98,0.99,0.97,0.98
8980,0.95,0.96,0.98,0.94,0.97,0.98,0.96,0.97,0.96,1,0.95,0.99,0.98,0.96,0.93,0.96,0.96,0.96,0.98,0.97,0.97,0.96,0.94,0.98,0.96,0.97,0.99,0.98,0.97,0.93
9000,0.98,0.97,0.96,0.99,0.95,0.99,0.98,0.96,0.96,1,0.97,0.95,0.99,0.98,0.99,0.97,0.98,0.98,0.97,0.97,0.99,0.98,0.99,0.95,0.96,0.97,0.98,0.98,0.95,0.97
9020,0.98,0.97,1,0.99,0.98,0.94,0.99,1,0.97,0.98,0.96,0.97,0.97,0.98,0.98,0.96,0.98,0.98,0.96,0.94,0.99,0.99,0.98,0.94,0.97,1,1,0.96,0.98,0.97
9040,0.95,0.95,0.97,0.96,0.96,0.96,0.96,0.99,0.98,0.99,0.99,0.99,0.99,0.97,0.95,0.99,0.99,0.96,0.96,0.97,0.97,0.95,0.97,0.99,0.98,0.95,0.99,0.99,0.99,0.96
9060,1,0.97,0.96,0.99,0.97,0.97,0.99,1,0.96,0.97,0.99,0.96,0.99,0.98,0.98,0.99,0.95,0.98,1,0.97,0.96,0.98,0.98,0.95,0.93,0.96,0.97,0.99,0.97,0.99
9080,0.95,1,0.95,0.97,0.99,0.92,0.95,0.98,0.96,0.97,0.96,0.99,0.94,0.99,0.98,1,0.97,0.97,0.98,0.98,0.98,0.95,0.99,0.97,0.97,0.99,0.98,0.98,0.94,0.97
9100,0.99,0.98,0.98,0.99,0.95,0.94,0.96,0.97,0.97,0.96,0.98,0.99,0.98,0.97,0.99,0.95,0.95,0.97,0.99,0.96,0.98,0.97,0.97,0.97,0.98,1,0.97,0.99,0.98,0.99
9120,0.99,0.96,0.98,0.99,0.97,0.95,0.99,0.97,0.96,1,0.98,0.96,1,0.94,1,0.98,0.97,0.95,0.99,0.94,0.97,0.99,0.98,0.97,0.92,0.99,0.98,0.96,0.95,0.99
9140,0.97,0.97,0.93,0.98,0.97,0.97,0.98,0.97,0.99,0.96,0.96,0.97,0.97,0.98,0.98,0.97,0.96,0.98,0.99,0.96,0.96,0.96,0.97,0.96,0.95,0.98,0.95,0.93,0.98,0.98
9160,0.99,0.97,0.96,0.97,0.98,0.99,0.98,0.97,0.97,0.98,0.97,0.97,0.98,0.97,0.96,0.97,0.97,0.97,0.98,0.98,0.98,0.96,0.99,0.99,1,0.99,0.96,0.96,0.98,0.98
9180,0.97,0.94,0.99,0.93,0.96,0.97,0.97,0.98,0.98,1,0.99,0.94,0.95,0.96,0.98,0.95,1,0.98,0.97,0.96,0.97,1,0.99,0.98,1,0.99,1,0.96,0.98,0.99
9200,1,0.98,0.97,0.97,0.95,0.97,0.98,0.98,0.99,1,0.97,0.99,0.96,0.94,0.98,0.99,0.98,0.98,0.94,0.99,0.96,0.98,0.98,0.99,0.98,0.95,0.99,0.98,0.98,0.96
9220,0.97,0.98,0.99,0.97,0.93,0.98,1,0.98,1,0.98,0.97,0.99,0.99,0.98,1,0.98,0.96,0.97,0.98,0.99,1,0.98,0.98,0.96,0.96,0.97,0.98,0.96,0.98,0.97
9240,0.99,0.97,0.97,0.96,0.97,1,0.93,0.98,0.95,0.97,0.97,0.97,0.97,0.98,0.99,0.94,0.98,0.98,0.96,0.98,0.99,0.99,0.96,0.94,0.96,0.97,0.96,0.98,0.95,0.98
9260,0.96,0.98,0.99,0.96,0.99,0.97,0.96,0.99,0.98,0.97,0.96,0.99,0.98,0.98,0.99,0.97,0.99,1,1,0.98,1,0.94,0.96,0.99,0.98,0.95,0.98,0.98,0.99,0.95
9280,0.95,0.92,0.96,0.99,0.98,0.97,0.97,0.98,0.96,0.99,0.99,1,0.98,0.97,0.99,0.97,1,0.98,0.96,0.97,1,0.97,0.96,0.98,0.99,0.97,0.99,0.97,0.96,0.98
9300,0.97,0.97,0.98,0.99,0.97,0.99,0.99,0.97,0.99,0.98,0.95,0.96,1,0.97,0.98,0.98,0.97,0.96,0.97,0.97,0.96,0.97,0.97,0.95,0.99,0.94,0.98,0.96,0.98,0.96
9320,0.95,0.98,0.96,0.97,0.98,1,0.99,0.96,0.95,0.97,0.98,0.99,0.99,0.94,0.96,0.97,0.97,0.98,1,0.98,0.96,0.99,0.97,0.95,0.97,0.99,0.96,0.96,0.95,0.98
9340,0.98,0.99,0.98,0.96,1,0.97,0.99,0.98,0.98,0.95,0.98,0.97,0.95,0.98,0.96,0.97,0.95,0.97,0.98,0.96,1,0.96,0.98,0.99,0.96,0.96,0.99,0.98,0.98,0.98
9360,0.99,0.97,0.97,0.99,0.96,0.98,0.98,0.97,0.98,1,0.92,0.98,0.97,0.99,0.96,0.98,0.97,0.98,0.94,0.96,0.96,0.96,0.96,0.98,0.97,1,0.97,0.97,0.95,0.99
9380,0.98,0.97,0.97,0.99,1,0.97,0.98,0.93,0.97,0.97,0.97,1,0.97,0.96,0.99,0.98,0.95,0.97,0.96,0.98,1,0.97,0.99,0.99,0.99,0.95,0.95,0.95,0.98,0.97
9400,0.95,0.98,0.96,0.97,0.94,0.99,1,0.99,0.98,0.95,0.97,0.99,0.97,0.99,0.99,0.98,1,0.99,0.98,0.96,0.97,0.97,0.98,0.97,0.97,0.98,0.97,0.98,0.99,0.98
9420,0.99,0.95,0.96,0.97,0.98,0.97,0.98,0.98,0.99,0.98,0.97,0.95,0.95,0.95,0.99,0.97,0.99,0.98,0.98,0.97,0.99,0.98,0.93,0.97,0.96,0.98,0.97,1,1,0.97
9440,0.97,0.98,0.98,0.95,0.95,0.98,1,0.98,0.99,0.99,0.99,1,0.99,0.97,0.98,0.98,0.98,0.98,0.99,0.95,0.97,0.99,0.96,0.96,0.98,0.97,0.98,0.97,0.99,0.98
9460,0.99,0.97,0.99,1,0.97,0.97,0.97,0.97,0.95,0.95,0.97,1,1,0.99,0.98,1,0.99,0.96,0.99,0.97,0.96,0.98,0.98,1,0.99,0.93,0.95,0.98,0.99,0.95
9480,0.97,0.99,0.97,0.98,0.97,0.97,0.99,0.99,1,0.98,0.98,1,0.96,0.97,0.95,0.97,0.98,0.94,0.99,0.98,0.97,0.98,0.98,0.99,0.98,0.97,0.92,0.98,0.98,1
9500,0.96,0.98,0.98,0.97,0.98,0.97,0.97,0.96,0.97,0.99,0.99,0.99,0.99,0.97,0.97,0.99,0.94,0.96,1,0.97,0.99,0.95,0.95,0.96,0.95,1,1,0.98,0.98,0.97
9520,0.99,0.97,0.96,0.98,0.94,0.98,0.97,0.98,0.97,0.99,0.98,0.98,0.99,1,0.95,0.97,0.97,0.97,0.99,0.99,0.98,0.96,0.98,0.96,0.96,0.99,1,0.99,0.98,0.99
9540,1,0.97,0.97,0.98,0.97,0.99,0.98,0.95,0.98,0.94,0.99,0.99,0.98,0.99,0.98,0.96,0.98,0.99,0.96,0.99,0.99,0.96,0.95,0.95,0.99,0.95,1,0.97,0.99,0.98
9560,0.98,0.97,0.98,0.98,1,0.99,0.98,0.98,0.98,0.99,0.98,0.97,0.96,0.97,0.97,0.98,0.98,0.96,0.99,0.97,0.97,0.98,0.98,0.97,0.98,0.99,0.98,0.98,0.94,0.95
9580,0.97,0.98,0.98,0.98,0.95,0.93,0.99,0.98,1,1,0.98,0.98,1,0.99,0.97,0.96,0.95,0.96,0.98,0.96,0.97,0.98,0.99,0.97,0.98,1,0.97,0.97,0.98,0.95
9600,0.97,0.97,0.97,0.96,0.96,0.97,0.97,0.97,0.98,0.97,1,1,0.99,0.97,0.97,0.97,0.98,0.97,0.98,0.99,0.97,0.99,0.95,0.97,0.96,0.98,0.99,0.97,0.96,0.96
9620,1,0.96,0.95,0.96,0.97,0.99,0.99,0.99,1,0.96,0.99,0.98,0.99,0.96,0.99,0.96,0.97,0.96,0.98,0.96,1,0.97,0.95,0.99,0.94,1,0.94,1,0.96,0.96
9640,0.98,1,1,0.98,0.98,1,0.98,0.98,0.99,0.99,0.98,0.98,0.99,0.96,0.98,0.96,0.98,0.96,0.98,0.94,0.97,0.97,0.95,0.98,0.98,0.98,0.98,0.97,0.96,0.94
9660,0.97,0.98,0.97,0.99,0.98,0.97,1,0.98,0.99,0.93,0.98,0.98,0.98,0.96,0.98,0.99,0.98,0.95,0.93,0.96,0.93,0.98,0.97,0.93,0.99,0.97,0.98,0.95,0.97,0.98
9680,0.97,0.98,0.98,0.99,0.97,0.96,0.98,0.97,0.99,0.97,0.97,0.97,0.96,0.97,0.97,0.99,0.97,0.96,0.97,0.99,0.97,0.97,0.99,0.99,0.98,0.97,0.95,1,0.97,0.99
9700,0.97,0.93,0.96,0.98,0.97,1,0.97,0.97,0.97,0.98,0.99,0.97,0.98,0.99,0.97,0.98,0.94,0.98,0.98,0.96,0.96,0.96,0.96,0.97,0.96,0.97,0.97,0.97,0.98,0.99
9720,0.99,0.96,0.95,0.99,0.99,0.95,0.96,0.96,0.98,0.96,0.97,0.98,0.95,0.98,0.97,0.99,0.97,0.96,0.98,1,0.96,0.98,0.98,1,0.95,1,0.97,0.99,0.98,0.98
9740,0.96,0.97,0.97,0.95,0.96,0.98,0.93,0.91,0.98,0.94,0.97,1,0.99,0.98,1,0.92,0.99,0.93,0.99,0.94,0.99,0.95,0.97,0.98,0.99,0.96,0.99,0.99,0.99,0.96
9760,0.97,0.98,0.97,0.97,0.99,0.99,0.98,0.95,0.95,0.96,0.99,0.98,0.96,0.99,0.98,0.92,1,0.98,1,0.97,0.97,0.95,0.97,0.98,1,0.98,0.99,0.96,0.95,0.98
9780,0.99,0.97,0.99,0.97,0.98,0.98,0.96,0.95,0.98,0.98,0.99,0.96,1,0.96,0.98,0.99,0.99,0.95,0.96,0.99,0.99,0.97,0.96,0.99,0.98,0.97,0.99,0.97,0.97,0.99
9800,0.99,0.99,0.96,0.99,0.97,0.98,0.95,0.99,0.98,1,0.98,1,1,0.99,0.97,0.98,1,0.98,0.97,0.98,0.97,0.98,0.99,0.97,0.99,0.99,0.99,0.94,0.96,1
9820,0.98,0.94,0.96,0.96,0.95,0.99,0.98,0.99,0.98,0.97,0.94,0.93,0.98,0.97,0.97,0.95,0.96,0.98,0.94,0.99,0.99,0.98,0.96,0.97,0.98,0.99,0.99,0.98,1,0.97
9840,0.99,0.99,0.97,0.98,0.98,0.95,0.98,1,0.97,0.96,0.99,0.99,0.99,0.98,0.97,0.98,0.95,0.98,0.98,0.99,0.98,0.98,0.98,1,0.97,0.95,0.98,0.99,0.99,0.96
9860,0.98,0.97,1,0.97,0.97,0.96,0.99,0.99,0.98,0.99,0.99,0.98,0.99,0.99,0.99,0.98,0.97,0.97,0.96,0.97,0.99,0.98,0.96,0.97,0.95,0.97,0.97,1,0.99,0.98
9880,0.97,1,0.97,0.99,0.97,0.98,0.99,0.99,0.97,0.98,0.95,0.99,0.96,1,0.96,0.99,0.99,0.98,0.95,0.98,0.99,0.97,0.96,0.98,0.99,0.97,0.97,0.99,0.96,0.95
9900,0.96,0.98,0.97,0.96,0.96,0.98,0.98,0.97,0.96,0.95,0.95,0.98,0.98,0.98,0.98,0.99,1,0.99,0.98,0.96,1,0.99,0.96,0.97,0.99,0.97,0.94,0.98,0.98,1
9920,0.98,0.99,0.97,0.98,0.97,0.97,0.97,0.99,0.96,0.99,1,0.93,0.99,0.98,0.97,1,0.99,1,0.97,0.96,0.97,0.97,0.98,0.96,0.96,0.98,0.99,0.98,0.98,0.99
9940,0.98,0.97,1,0.97,0.99,0.96,0.92,0.96,0.98,0.98,1,0.96,1,0.98,0.99,0.96,0.99,0.95,0.97,0.96,0.97,0.99,0.97,0.98,1,0.96,0.98,1,0.97,0.99
9960,0.97,0.97,0.99,0.97,0.98,0.96,0.97,0.98,0.96,0.99,0.96,0.97,1,0.97,0.99,0.97,1,1,0.99,0.99,0.97,0.99,0.94,0.98,0.97,0.97,0.99,0.96,0.98,0.97
9980,0.99,0.98,0.97,0.96,0.98,0.97,0.96,0.97,0.99,0.95,0.95,0.98,0.98,0.97,0.98,1,0.99,0.96,0.98,0.99,0.95,0.96,0.97,0.98,0.98,1,0.99,0.97,0.98,0.99
10000,1,0.97,0.98,0.96,0.98,0.98,1,0.99,0.99,0.99,0.97,0.96,0.97,1,0.98,0.99,0.98,1,0.98,0.95,0.97,0.98,0.98,0.95,0.96,0.97,0.96,0.99,0.97,0.95
